ID,Name,Sport,Gender,Age
1,Charlene Myers,Pool,Non-binary,23
2,Aoife Wynn,Basketball,Male,23
3,Ritik Moses,Bowling,Female,28
4,Nour Fox,Fencing,Non-binary,73
5,Kelly Hodge,Karate,Non-binary,43
6,Rylee Hinton,Judo,Non-binary,39
7,Isabella-Rose Hawkins,Badminton,Female,13
8,Zaynab Markham,Rugby,Male,44
9,Dougie Whelan,Basketball,Male,52
10,Tyron Goodman,Figure skating,Non-binary,58
11,Aoife Wynn,Wrestling,Male,53
12,Jagdeep Sims,Cricket,Non-binary,16
13,Romy Cohen,Cricket,Non-binary,52
14,Tyron Goodman,Pool,Non-binary,82
15,Charlene Myers,Wrestling,Female,55
16,Fionn Cochran,Climbing,Non-binary,65
17,Tarik Corona,Golf,Male,41
18,Tarik Corona,Shooting,Female,39
19,Leighton Bloggs,Volleyball,Non-binary,42
20,Jensen Conroy,Horseback riding,Male,81
21,Ritik Moses,Horseback riding,Male,27
22,Eleri Garza,High jumping,Non-binary,38
23,Tarik Corona,Badminton,Female,41
24,Kenya Hartman,Car racing,Non-binary,75
25,Alessio Day,Boxing,Non-binary,47
26,Ewen Stott,Hang gliding,Non-binary,57
27,Shahzaib Petty,Wrestling,Female,53
28,Huseyin Sargent,Horseback riding,Male,49
29,Shahzaib Petty,Baseball,Male,20
30,Ewen Stott,Car racing,Male,42
31,Mario Easton,Karate,Non-binary,37
32,Mario Easton,Figure skating,Non-binary,63
33,Romy Cohen,Pool,Non-binary,51
34,Hasnain Mendoza,Skateboarding,Non-binary,71
35,Leighton Bloggs,Soccer,Male,85
36,Mario Easton,Horse racing,Female,19
37,Keaton Ferry,Surfing,Male,82
38,Fatima Goodwin,Fishing,Non-binary,56
39,Fionn Cochran,Cycling,Female,86
40,Camron Rees,Yoga,Non-binary,61
41,Fatima Goodwin,Fishing,Male,84
42,Eleri Garza,Cycling,Female,56
43,Eiliyah West,Soccer,Male,47
44,Keir Soto,Curling,Male,20
45,Domonic Keller,Soccer,Non-binary,28
46,Ibrahim Witt,Horseback riding,Non-binary,37
47,Cody Buckley,Horse racing,Non-binary,63
48,Lexi Hendricks,Fishing,Female,84
49,Gianluca Walker,Fishing,Female,20
50,Rojin Sparrow,Gymnastics,Female,58
51,Andre Matthews,Soccer,Female,31
52,Robert Horne,Table tennis,Non-binary,32
53,Nisha Vang,Cricket,Non-binary,40
54,Lillie-Mae O'Neill,Soccer,Female,29
55,Ashlee Owens,Yoga,Female,72
56,Shanaya Bouvet,Wrestling,Non-binary,63
57,Scarlette Mohammed,Running,Female,56
58,Keir Soto,Climbing,Male,55
59,Areebah Calhoun,Yoga,Male,34
60,Marilyn Burks,Baseball,Male,12
61,Cody Buckley,Golf,Female,47
62,Renee Park,Hockey,Non-binary,84
63,Alvin Carpenter,Running,Non-binary,13
64,Camron Rees,Golf,Male,81
65,Rojin Sparrow,Boxing,Non-binary,74
66,Kelly Hodge,Baseball,Male,27
67,Kiera Ridley,Yoga,Non-binary,71
68,Frida Rayner,Curling,Male,12
69,Lexi Hendricks,Archery,Male,83
70,Franco Crouch,Gymnastics,Non-binary,74
71,Nisha Vang,Tennis,Male,22
72,Eleri Garza,Archery,Female,63
73,Gianluca Walker,Baseball,Female,15
74,Mario Easton,Pool,Non-binary,83
75,Batman,Baseball,Female,74
76,Isabella-Rose Hawkins,Car racing,Female,20
77,Robert Horne,Judo,Female,14
78,Lillie Paterson,Hockey,Non-binary,48
79,Ashlee Owens,Hang gliding,Male,72
80,Halle Sampson,Cricket,Male,80
81,Conal Taylor,Surfing,Female,40
82,Huseyin Sargent,Archery,Male,48
83,Julius Colley,Bowling,Non-binary,52
84,Kiera Ridley,Hockey,Non-binary,22
85,Lillie-Mae O'Neill,Yoga,Non-binary,19
86,Sylvie Yoder,Table tennis,Female,82
87,Keaton Ferry,Karate,Male,52
88,Halle Sampson,Basketball,Male,44
89,Hasnain Mendoza,Yoga,Female,58
90,Siraj Blevins,Bowling,Male,69
91,Rylee Hinton,Basketball,Non-binary,42
92,Alvin Carpenter,Soccer,Non-binary,68
93,Nadeem Craft,Climbing,Female,63
94,Aron Parsons,Bowling,Non-binary,64
95,Eiliyah West,Running,Male,16
96,Renee Park,Fencing,Male,18
97,Ephraim Booth,Fitness,Male,55
98,Simran Dudley,Wrestling,Non-binary,41
99,Rukhsar Roman,Fitness,Male,27
100,Julius Colley,Table tennis,Non-binary,82
101,Blair Torres,Gymnastics,Non-binary,54
102,Alvin Carpenter,Skateboarding,Male,32
103,Maisha Frost,Bowling,Female,81
104,Robert Horne,Archery,Male,45
105,Roland Burns,Car racing,Female,12
106,Lorna Jenkins,Pool,Male,33
107,Sheena Walls,Fitness,Female,32
108,Aoife Wynn,Cricket,Non-binary,78
109,Domonic Keller,Volleyball,Male,75
110,Roscoe Dunne,Gymnastics,Female,12
111,Lillie-Mae O'Neill,Fencing,Non-binary,60
112,Kiera Ridley,Karate,Non-binary,41
113,Jagdeep Sims,Car racing,Female,84
114,Margot Reyna,Fitness,Male,67
115,Renee Park,Car racing,Female,46
116,Frida Rayner,Soccer,Female,72
117,Maisha Frost,Fishing,Male,16
118,Sandra Wickens,Basketball,Male,43
119,Simran Dudley,Skateboarding,Female,22
120,Maisha Frost,Hang gliding,Male,16
121,Sinead Holland,Yoga,Non-binary,12
122,Rukhsar Roman,Volleyball,Non-binary,70
123,Julius Colley,Bowling,Non-binary,81
124,Ella-Grace Hollis,Judo,Non-binary,66
125,Andre Matthews,Cycling,Female,76
126,Sylvie Yoder,Shooting,Male,25
127,Kelly Hodge,Surfing,Male,69
128,Siraj Blevins,Golf,Female,72
129,Keir Soto,Surfing,Female,22
130,Keri Rocha,High jumping,Male,49
131,Batman,Pool,Non-binary,27
132,Ephraim Booth,Tennis,Non-binary,74
133,Gracie Hood,Skateboarding,Male,19
134,Rukhsar Roman,Fishing,Male,30
135,Jimmie Gallegos,Cricket,Non-binary,42
136,Nisha Vang,Judo,Non-binary,25
137,Rylee Hinton,High jumping,Female,59
138,Andre Matthews,Fencing,Female,19
139,Romana Wagner,Badminton,Male,18
140,Dougie Whelan,Climbing,Female,61
141,Clarissa Churchill,Skateboarding,Female,68
142,Domonic Keller,Karate,Female,83
143,Tyron Goodman,Hockey,Male,42
144,Lorna Jenkins,High jumping,Non-binary,46
145,Sandra Wickens,Volleyball,Non-binary,58
146,Karen Diaz,Yoga,Female,51
147,Marilyn Burks,Horseback riding,Female,43
148,Blair Torres,Pool,Female,13
149,Ewen Stott,Judo,Female,47
150,Fionn Cochran,High jumping,Female,68
151,Keir Soto,Gymnastics,Non-binary,27
152,Roland Burns,Bowling,Female,32
153,Kathryn Lindsey,Car racing,Non-binary,76
154,Nadeem Craft,Running,Non-binary,70
155,Tarik Corona,Hockey,Female,72
156,Aron Parsons,Weightlifting,Female,44
157,Domonic Keller,Table tennis,Female,69
158,Heath Robson,Volleyball,Non-binary,38
159,Tyron Goodman,Skateboarding,Male,17
160,Alessio Day,Fishing,Male,62
161,Federico Ray,Curling,Male,37
162,Conal Taylor,High jumping,Female,16
163,Nour Fox,Gymnastics,Female,79
164,Huseyin Sargent,Horseback riding,Male,25
165,Cody Buckley,Boxing,Non-binary,40
166,Dougie Whelan,Golf,Non-binary,86
167,Charlene Myers,Hockey,Non-binary,13
168,Isabella-Rose Hawkins,Running,Male,57
169,Sylvie Yoder,Badminton,Non-binary,51
170,Frida Rayner,Surfing,Male,64
171,Leighton Bloggs,Skateboarding,Male,77
172,Jimmie Gallegos,Judo,Male,36
173,Zaynab Markham,Horseback riding,Non-binary,50
174,Mathias Russo,Rugby,Male,63
175,Karis Lane,Climbing,Female,84
176,Kenya Hartman,Gymnastics,Non-binary,14
177,Keir Soto,Wrestling,Female,69
178,Rylee Hinton,Weightlifting,Male,72
179,Eleri Garza,Tennis,Non-binary,42
180,Renee Park,Table tennis,Female,72
181,Siraj Blevins,Horseback riding,Non-binary,81
182,Roland Burns,Yoga,Female,70
183,Julius Colley,Shooting,Non-binary,50
184,Lexi Hendricks,Table tennis,Male,45
185,Ibrahim Witt,Fishing,Male,39
186,Larissa Kinney,Curling,Non-binary,78
187,Eleasha Firth,Running,Non-binary,56
188,Dougie Whelan,Tennis,Non-binary,50
189,Conal Taylor,Skateboarding,Non-binary,65
190,Julius Colley,Running,Female,31
191,Soraya Bevan,Badminton,Non-binary,16
192,Shahzaib Petty,Baseball,Female,63
193,Jagdeep Sims,Figure skating,Male,52
194,Aron Parsons,Gymnastics,Non-binary,40
195,Robert Horne,Cricket,Female,56
196,Rukhsar Roman,Bowling,Female,48
197,Ajay Bryan,Fitness,Female,20
198,Eleasha Firth,Curling,Male,78
199,Zander Spencer,Curling,Female,30
200,Karis Lane,Karate,Male,38
201,Luna Crosby,Fencing,Male,22
202,Eiliyah West,Karate,Female,72
203,Albert Cross,Archery,Female,34
204,Ewen Stott,Archery,Female,82
205,Ibrahim Witt,Yoga,Non-binary,34
206,Salman Whitley,High jumping,Male,54
207,Keaton Ferry,Running,Female,15
208,Ella-Rose Choi,Baseball,Female,73
209,Ella-Grace Hollis,Cricket,Female,17
210,Mario Easton,Yoga,Female,51
211,Julius Colley,Wrestling,Non-binary,82
212,Lois Wong,Gymnastics,Female,25
213,Cody Buckley,Yoga,Female,34
214,Rukhsar Roman,Car racing,Male,56
215,Keri Rocha,Gymnastics,Male,41
216,Romana Wagner,Cricket,Non-binary,34
217,Rukhsar Roman,Table tennis,Female,37
218,Huseyin Sargent,Horseback riding,Non-binary,67
219,Federico Ray,Gymnastics,Female,56
220,Keir Soto,Wrestling,Non-binary,55
221,Aoife Wynn,Bowling,Male,71
222,Madeeha Bellamy,Archery,Non-binary,62
223,Simran Dudley,Karate,Male,65
224,Keri Rocha,Soccer,Non-binary,49
225,Rojin Sparrow,Yoga,Female,39
226,Roland Burns,Fencing,Non-binary,37
227,Frida Rayner,Karate,Female,72
228,Romana Wagner,Yoga,Female,22
229,Mathias Russo,Cycling,Male,36
230,Sandra Wickens,Fencing,Female,61
231,Keir Soto,Tennis,Non-binary,12
232,Hasnain Mendoza,Volleyball,Non-binary,59
233,Clarissa Churchill,Archery,Non-binary,36
234,Siraj Blevins,Wrestling,Male,22
235,Tarik Corona,High jumping,Male,41
236,Aoife Wynn,Fishing,Female,49
237,Julius Colley,Climbing,Male,58
238,Rukhsar Roman,Weightlifting,Male,44
239,Albert Cross,Badminton,Female,26
240,Andre Matthews,Basketball,Female,42
241,Eleri Garza,Karate,Female,20
242,Gianluca Walker,Shooting,Female,39
243,Camron Rees,Climbing,Male,46
244,Ewen Stott,Golf,Non-binary,37
245,Margot Reyna,Yoga,Male,57
246,Heath Robson,Curling,Non-binary,35
247,Mario Easton,Fencing,Non-binary,37
248,Lois Wong,Gymnastics,Non-binary,63
249,Lillie Paterson,Rugby,Male,37
250,Fionn Cochran,Cricket,Non-binary,56
251,Jimmie Gallegos,Climbing,Non-binary,59
252,Ella-Grace Hollis,Climbing,Non-binary,15
253,Halle Sampson,Yoga,Male,86
254,Lorna Jenkins,Bowling,Non-binary,67
255,Jagdeep Sims,Climbing,Female,62
256,Heath Robson,Horseback riding,Male,33
257,Scarlette Mohammed,Hockey,Non-binary,49
258,Franco Crouch,Gymnastics,Female,64
259,Romy Cohen,Cricket,Male,65
260,Karen Diaz,Surfing,Non-binary,74
261,Sinead Holland,Wrestling,Non-binary,42
262,Siraj Blevins,Horseback riding,Male,24
263,Shahzaib Petty,Tennis,Non-binary,40
264,Karis Lane,Wrestling,Female,39
265,Andre Matthews,Figure skating,Male,55
266,Julius Colley,Baseball,Female,71
267,Lorna Jenkins,Running,Female,78
268,Gianluca Walker,Bowling,Female,28
269,Lois Wong,Yoga,Non-binary,33
270,Soraya Bevan,Cricket,Non-binary,76
271,Eleasha Firth,Fitness,Male,23
272,Jagdeep Sims,Hockey,Male,26
273,Lorna Jenkins,Archery,Female,38
274,Kelly Hodge,Yoga,Male,22
275,Shahzaib Petty,Car racing,Female,22
276,Clarissa Churchill,Hang gliding,Male,32
277,Luna Crosby,Horse racing,Non-binary,72
278,Blair Torres,Boxing,Non-binary,26
279,Domonic Keller,Table tennis,Non-binary,40
280,Jimmie Gallegos,Horse racing,Non-binary,15
281,Fatima Goodwin,Car racing,Male,82
282,Gianluca Walker,Rugby,Non-binary,27
283,Lorna Jenkins,Bowling,Female,68
284,Zander Spencer,Horse racing,Male,20
285,Isabella-Rose Hawkins,Pool,Non-binary,20
286,Rukhsar Roman,Judo,Male,27
287,Nour Fox,Fencing,Non-binary,74
288,Zayan Yang,Pool,Non-binary,51
289,Sandra Wickens,Archery,Male,51
290,Isabella-Rose Hawkins,Bowling,Non-binary,52
291,Robert Horne,Golf,Female,43
292,Marilyn Burks,Surfing,Male,23
293,Renee Park,Judo,Male,70
294,Sandra Wickens,Pool,Non-binary,34
295,Madeeha Bellamy,Karate,Non-binary,79
296,Robert Horne,Fishing,Female,65
297,Otto Valenzuela,Soccer,Male,16
298,Huseyin Sargent,Cycling,Non-binary,58
299,Gracie Hood,Boxing,Non-binary,25
300,Ajay Bryan,Fitness,Female,60
301,Luna Crosby,Cycling,Non-binary,60
302,Zayan Yang,Hockey,Female,75
303,Tarik Corona,Car racing,Female,32
304,Lillie Paterson,Figure skating,Female,49
305,Franco Crouch,High jumping,Male,52
306,Ella-Rose Choi,Hang gliding,Non-binary,43
307,Siraj Blevins,Gymnastics,Female,20
308,Ibrahim Witt,Volleyball,Non-binary,53
309,Zander Spencer,High jumping,Female,13
310,Simran Dudley,Volleyball,Non-binary,15
311,Clarissa Churchill,Skateboarding,Female,59
312,Cody Buckley,Golf,Female,42
313,Calista Cummings,Fishing,Non-binary,59
314,Rukhsar Roman,Hockey,Male,18
315,Sandra Wickens,Golf,Non-binary,55
316,Albert Cross,Gymnastics,Female,31
317,Gracie Hood,Wrestling,Male,73
318,Gurveer Lutz,Golf,Non-binary,42
319,Zayan Yang,Bowling,Male,80
320,Blair Torres,Climbing,Male,13
321,Keir Soto,Judo,Female,42
322,Robert Horne,Fencing,Female,64
323,Eleri Garza,Badminton,Male,79
324,Keri Rocha,Fencing,Male,55
325,Cody Buckley,Archery,Male,62
326,Camron Rees,High jumping,Non-binary,48
327,Ajay Bryan,Tennis,Male,35
328,Julius Colley,Hang gliding,Non-binary,38
329,Eleasha Firth,Karate,Non-binary,21
330,Kenya Hartman,Gymnastics,Female,15
331,Amandeep Mclean,Horse racing,Non-binary,58
332,Robert Horne,Fencing,Female,83
333,Rukhsar Roman,Golf,Male,77
334,Charlene Myers,Badminton,Male,61
335,Federico Ray,Shooting,Male,38
336,Renee Park,Running,Non-binary,42
337,Fatima Goodwin,Cycling,Non-binary,49
338,Ibrahim Witt,Fencing,Male,47
339,Sinead Holland,Skateboarding,Female,27
340,Lillie Paterson,Fishing,Male,72
341,Scarlette Mohammed,Judo,Female,28
342,Batman,Weightlifting,Male,65
343,Zayan Yang,Badminton,Non-binary,35
344,Ajay Bryan,Gymnastics,Female,67
345,Julius Colley,Fencing,Female,20
346,Soraya Bevan,Fencing,Non-binary,50
347,Sheena Walls,Archery,Male,25
348,Frida Rayner,Cricket,Female,53
349,Batman,Car racing,Female,86
350,Salman Whitley,Hockey,Non-binary,23
351,Madeeha Bellamy,Judo,Female,44
352,Charlene Myers,Soccer,Male,55
353,Calista Cummings,Boxing,Non-binary,22
354,Marilyn Burks,Fitness,Female,22
355,Sylvie Yoder,Weightlifting,Non-binary,18
356,Camron Rees,Archery,Non-binary,72
357,Mathias Russo,Horse racing,Non-binary,49
358,Fionn Cochran,Rugby,Non-binary,14
359,Zayan Yang,Fishing,Male,35
360,Conal Taylor,Basketball,Female,64
361,Domonic Keller,Yoga,Female,68
362,Karis Lane,Judo,Non-binary,45
363,Ella-Rose Choi,Figure skating,Non-binary,61
364,Frida Rayner,Shooting,Female,38
365,Roland Burns,Climbing,Male,15
366,Mario Easton,Car racing,Non-binary,69
367,Federico Ray,Hockey,Male,79
368,Julius Colley,Horseback riding,Female,71
369,Salman Whitley,Rugby,Male,19
370,Eiliyah West,Shooting,Non-binary,18
371,Lexi Hendricks,Baseball,Female,80
372,Soraya Bevan,Volleyball,Male,54
373,Renee Park,Soccer,Non-binary,85
374,Karis Lane,Boxing,Female,68
375,Kiera Ridley,Hang gliding,Non-binary,85
376,Aoife Wynn,Yoga,Male,15
377,Adem Wardle,Karate,Male,47
378,Heath Robson,Bowling,Female,41
379,Robert Horne,Tennis,Male,21
380,Siraj Blevins,Basketball,Male,36
381,Ella-Rose Choi,Badminton,Male,33
382,Rukhsar Roman,Tennis,Non-binary,26
383,Zander Spencer,Gymnastics,Female,75
384,Devon Lowry,Climbing,Non-binary,48
385,Cody Buckley,Gymnastics,Non-binary,37
386,Shanaya Bouvet,Baseball,Non-binary,50
387,Larissa Kinney,Climbing,Female,46
388,Salman Whitley,Volleyball,Non-binary,68
389,Siraj Blevins,Yoga,Non-binary,57
390,Mathias Russo,Horseback riding,Non-binary,12
391,Lexi Hendricks,Volleyball,Male,62
392,Siraj Blevins,Skateboarding,Male,76
393,Adem Wardle,Badminton,Female,18
394,Kenya Hartman,Boxing,Non-binary,41
395,Robert Horne,Horseback riding,Female,33
396,Ibrahim Witt,Pool,Non-binary,36
397,Nour Fox,Skateboarding,Non-binary,64
398,Huseyin Sargent,Shooting,Non-binary,60
399,Roland Burns,Horse racing,Female,12
400,Sinead Holland,Basketball,Non-binary,55
401,Fionn Cochran,Table tennis,Male,53
402,Kiera Ridley,High jumping,Non-binary,43
403,Domonic Keller,Golf,Non-binary,73
404,Lexi Hendricks,Fishing,Non-binary,18
405,Ritik Moses,Golf,Female,12
406,Eleasha Firth,Fishing,Non-binary,84
407,Rukhsar Roman,Cricket,Non-binary,25
408,Karis Lane,Hang gliding,Male,12
409,Mario Easton,Cricket,Non-binary,63
410,Scarlette Mohammed,Soccer,Male,74
411,Mario Easton,Judo,Female,52
412,Charlene Myers,Archery,Non-binary,36
413,Lois Wong,Curling,Non-binary,24
414,Frida Rayner,Bowling,Male,30
415,Adem Wardle,Pool,Non-binary,24
416,Tarik Corona,Figure skating,Male,67
417,Ibrahim Witt,Figure skating,Male,61
418,Sheena Walls,Badminton,Non-binary,65
419,Gianluca Walker,Cricket,Male,65
420,Lois Wong,Judo,Female,43
421,Aron Parsons,Figure skating,Female,40
422,Huseyin Sargent,Skateboarding,Male,46
423,Larissa Kinney,Baseball,Male,53
424,Jagdeep Sims,Tennis,Male,58
425,Fatima Goodwin,Skateboarding,Male,71
426,Ashlee Owens,Climbing,Male,16
427,Mathias Russo,Rugby,Non-binary,30
428,Mario Easton,Running,Male,50
429,Zayan Yang,Horse racing,Non-binary,57
430,Amandeep Mclean,Boxing,Non-binary,13
431,Franco Crouch,Horse racing,Male,51
432,Lexi Hendricks,Yoga,Female,14
433,Soraya Bevan,High jumping,Non-binary,20
434,Tarik Corona,Archery,Male,18
435,Batman,Volleyball,Non-binary,17
436,Ella-Grace Hollis,Table tennis,Non-binary,42
437,Luna Crosby,Karate,Non-binary,62
438,Aron Parsons,Badminton,Male,50
439,Nisha Vang,Baseball,Female,20
440,Dougie Whelan,Horse racing,Non-binary,49
441,Cody Buckley,Shooting,Female,68
442,Julius Colley,Fencing,Male,38
443,Mario Easton,Pool,Non-binary,67
444,Aoife Wynn,Archery,Non-binary,19
445,Alessio Day,Yoga,Female,81
446,Renee Park,Wrestling,Female,71
447,Kiera Ridley,Shooting,Non-binary,56
448,Leighton Bloggs,Hang gliding,Non-binary,37
449,Sandra Wickens,Basketball,Non-binary,15
450,Zaynab Markham,Soccer,Non-binary,74
451,Ajay Bryan,Bowling,Male,27
452,Conal Taylor,Car racing,Male,30
453,Zander Spencer,Table tennis,Female,53
454,Heath Robson,Golf,Male,73
455,Romana Wagner,Hang gliding,Female,86
456,Charlene Myers,Curling,Non-binary,16
457,Andre Matthews,Hang gliding,Female,36
458,Ashlee Owens,High jumping,Male,54
459,Larissa Kinney,Fencing,Male,39
460,Adem Wardle,Fishing,Non-binary,52
461,Ashlee Owens,Bowling,Female,35
462,Fionn Cochran,Volleyball,Female,26
463,Eleasha Firth,Bowling,Non-binary,15
464,Zander Spencer,Baseball,Male,35
465,Mario Easton,Boxing,Female,35
466,Karis Lane,Cricket,Male,85
467,Dougie Whelan,Golf,Female,25
468,Frida Rayner,Horseback riding,Female,82
469,Gurveer Lutz,Rugby,Male,37
470,Nadeem Craft,Archery,Non-binary,80
471,Camron Rees,Bowling,Female,31
472,Kiera Ridley,Running,Non-binary,86
473,Keri Rocha,Skateboarding,Female,17
474,Andre Matthews,Karate,Male,80
475,Fatima Goodwin,Surfing,Male,63
476,Kenya Hartman,Badminton,Male,23
477,Frida Rayner,Baseball,Non-binary,71
478,Batman,Karate,Non-binary,46
479,Domonic Keller,Climbing,Female,67
480,Huseyin Sargent,Surfing,Male,15
481,Frida Rayner,Hockey,Female,26
482,Ibrahim Witt,Curling,Female,55
483,Heath Robson,Baseball,Male,44
484,Sinead Holland,Figure skating,Non-binary,31
485,Franco Crouch,Surfing,Male,14
486,Sandra Wickens,Tennis,Non-binary,45
487,Ewen Stott,Cricket,Non-binary,57
488,Frida Rayner,Shooting,Non-binary,83
489,Blair Torres,Climbing,Male,60
490,Zaynab Markham,Figure skating,Male,77
491,Andre Matthews,Volleyball,Female,80
492,Lois Wong,Climbing,Non-binary,39
493,Frida Rayner,Hang gliding,Male,71
494,Ritik Moses,Tennis,Male,44
495,Otto Valenzuela,Golf,Male,22
496,Fatima Goodwin,Shooting,Male,43
497,Adem Wardle,Weightlifting,Female,82
498,Fionn Cochran,Karate,Male,45
499,Simran Dudley,Horse racing,Male,59
500,Keaton Ferry,Wrestling,Female,64
501,Julius Colley,Horseback riding,Non-binary,78
502,Kelly Hodge,Badminton,Non-binary,28
503,Dougie Whelan,Golf,Male,86
504,Andre Matthews,Fencing,Female,36
505,Alessio Day,Volleyball,Female,56
506,Areebah Calhoun,Horse racing,Male,40
507,Gracie Hood,Yoga,Non-binary,51
508,Lorna Jenkins,Surfing,Male,37
509,Larissa Kinney,Curling,Female,70
510,Rylee Hinton,Cycling,Female,23
511,Siraj Blevins,Surfing,Non-binary,39
512,Scarlette Mohammed,Badminton,Male,77
513,Scarlette Mohammed,Skateboarding,Non-binary,40
514,Domonic Keller,Badminton,Female,34
515,Aron Parsons,Horseback riding,Male,12
516,Robert Horne,Karate,Non-binary,34
517,Dougie Whelan,Cricket,Female,75
518,Sheena Walls,Climbing,Male,43
519,Eiliyah West,Golf,Non-binary,70
520,Romana Wagner,Climbing,Male,36
521,Ritik Moses,Pool,Non-binary,21
522,Sinead Holland,Horse racing,Female,69
523,Rukhsar Roman,Bowling,Non-binary,66
524,Julius Colley,Climbing,Female,28
525,Zander Spencer,Fishing,Male,26
526,Salman Whitley,Cycling,Female,56
527,Eleri Garza,Baseball,Non-binary,42
528,Ritik Moses,Figure skating,Male,39
529,Sylvie Yoder,Soccer,Male,39
530,Amandeep Mclean,Karate,Female,21
531,Kelly Hodge,Boxing,Female,12
532,Camron Rees,Fitness,Male,30
533,Devon Lowry,Soccer,Male,58
534,Mario Easton,Hockey,Non-binary,19
535,Sylvie Yoder,Hang gliding,Female,37
536,Alvin Carpenter,Fencing,Female,13
537,Domonic Keller,Fencing,Male,22
538,Salman Whitley,Yoga,Non-binary,29
539,Lexi Hendricks,Boxing,Female,55
540,Franco Crouch,Cycling,Non-binary,60
541,Conal Taylor,Baseball,Non-binary,17
542,Kathryn Lindsey,Cycling,Non-binary,49
543,Andre Matthews,Weightlifting,Non-binary,51
544,Lillie-Mae O'Neill,Bowling,Female,14
545,Amandeep Mclean,Golf,Female,67
546,Ritik Moses,Hockey,Female,67
547,Huseyin Sargent,Fencing,Male,13
548,Leighton Bloggs,Car racing,Male,35
549,Salman Whitley,Gymnastics,Male,33
550,Conal Taylor,Horse racing,Male,52
551,Keaton Ferry,Archery,Female,56
552,Tarik Corona,Basketball,Female,14
553,Cody Buckley,Hang gliding,Female,19
554,Federico Ray,Fitness,Non-binary,48
555,Eiliyah West,Archery,Non-binary,15
556,Clarissa Churchill,Hockey,Male,60
557,Zayan Yang,Fencing,Female,12
558,Siraj Blevins,High jumping,Female,55
559,Huseyin Sargent,Horse racing,Non-binary,80
560,Zander Spencer,Golf,Female,65
561,Lillie-Mae O'Neill,Boxing,Female,21
562,Marilyn Burks,Karate,Female,55
563,Ephraim Booth,Surfing,Male,76
564,Karen Diaz,Horseback riding,Non-binary,82
565,Clarissa Churchill,Archery,Male,24
566,Lillie-Mae O'Neill,Shooting,Male,42
567,Gracie Hood,Rugby,Male,50
568,Keir Soto,Hang gliding,Male,43
569,Roland Burns,Horse racing,Non-binary,53
570,Gianluca Walker,Fishing,Male,13
571,Zayan Yang,Rugby,Female,86
572,Tyron Goodman,Surfing,Female,30
573,Sinead Holland,Shooting,Non-binary,86
574,Jagdeep Sims,Judo,Non-binary,61
575,Karen Diaz,Judo,Female,83
576,Albert Cross,Surfing,Female,25
577,Ibrahim Witt,Running,Non-binary,57
578,Keir Soto,Pool,Non-binary,51
579,Keir Soto,Table tennis,Non-binary,27
580,Areebah Calhoun,Rugby,Non-binary,38
581,Jagdeep Sims,Boxing,Female,40
582,Rojin Sparrow,Horseback riding,Non-binary,86
583,Karen Diaz,Yoga,Male,38
584,Ajay Bryan,Surfing,Male,31
585,Romy Cohen,Horse racing,Non-binary,43
586,Hasnain Mendoza,Cricket,Male,73
587,Clarissa Churchill,Judo,Female,70
588,Ephraim Booth,Rugby,Male,45
589,Romana Wagner,Figure skating,Female,62
590,Marilyn Burks,Fishing,Male,12
591,Zander Spencer,Rugby,Male,71
592,Ella-Grace Hollis,Horse racing,Non-binary,58
593,Lorna Jenkins,Yoga,Male,84
594,Albert Cross,Golf,Non-binary,56
595,Julius Colley,Curling,Non-binary,47
596,Sinead Holland,Hockey,Female,21
597,Mathias Russo,Horseback riding,Male,57
598,Shanaya Bouvet,Running,Male,21
599,Scarlette Mohammed,Baseball,Female,30
600,Alessio Day,Cricket,Female,43
601,Zander Spencer,Badminton,Non-binary,86
602,Karen Diaz,Boxing,Female,51
603,Keir Soto,Judo,Male,47
604,Eleri Garza,Gymnastics,Female,33
605,Areebah Calhoun,High jumping,Non-binary,84
606,Calista Cummings,Table tennis,Male,69
607,Jimmie Gallegos,Fencing,Male,59
608,Huseyin Sargent,Soccer,Non-binary,72
609,Keaton Ferry,Tennis,Female,85
610,Renee Park,Judo,Non-binary,58
611,Eleasha Firth,Car racing,Male,68
612,Adem Wardle,Volleyball,Female,58
613,Andre Matthews,Archery,Female,34
614,Amandeep Mclean,Shooting,Non-binary,56
615,Nisha Vang,Car racing,Non-binary,50
616,Simran Dudley,Skateboarding,Female,52
617,Albert Cross,Table tennis,Non-binary,43
618,Mathias Russo,Bowling,Female,69
619,Alvin Carpenter,Fishing,Female,68
620,Halle Sampson,Wrestling,Female,51
621,Tyron Goodman,High jumping,Male,17
622,Adem Wardle,Baseball,Non-binary,64
623,Devon Lowry,Gymnastics,Non-binary,75
624,Fionn Cochran,Cycling,Male,51
625,Rukhsar Roman,Bowling,Female,29
626,Nour Fox,Car racing,Female,59
627,Tyron Goodman,Yoga,Non-binary,24
628,Renee Park,Hang gliding,Male,71
629,Zayan Yang,High jumping,Male,54
630,Lois Wong,Curling,Female,33
631,Zaynab Markham,Car racing,Non-binary,18
632,Mathias Russo,Hockey,Female,33
633,Ella-Rose Choi,Shooting,Female,49
634,Kiera Ridley,Shooting,Male,22
635,Kiera Ridley,Bowling,Non-binary,23
636,Simran Dudley,Car racing,Non-binary,25
637,Amandeep Mclean,Judo,Male,83
638,Luna Crosby,Cycling,Female,73
639,Zaynab Markham,Horseback riding,Female,42
640,Lillie Paterson,Fencing,Female,12
641,Sheena Walls,Rugby,Non-binary,23
642,Soraya Bevan,Yoga,Non-binary,18
643,Nisha Vang,Badminton,Non-binary,33
644,Rojin Sparrow,Horseback riding,Male,14
645,Heath Robson,Hockey,Non-binary,14
646,Rylee Hinton,Curling,Male,66
647,Jensen Conroy,Judo,Non-binary,46
648,Maisha Frost,Horse racing,Female,21
649,Julius Colley,Shooting,Non-binary,44
650,Adem Wardle,Figure skating,Male,57
651,Conal Taylor,Hang gliding,Non-binary,33
652,Gracie Hood,Fishing,Non-binary,67
653,Zaynab Markham,Golf,Male,54
654,Nisha Vang,Fitness,Female,18
655,Ritik Moses,Figure skating,Female,58
656,Jagdeep Sims,Rugby,Male,29
657,Dougie Whelan,Bowling,Male,81
658,Aoife Wynn,Gymnastics,Non-binary,21
659,Mathias Russo,Curling,Male,84
660,Ritik Moses,Hang gliding,Female,27
661,Romana Wagner,Karate,Non-binary,63
662,Andre Matthews,Fishing,Non-binary,17
663,Nisha Vang,Running,Female,41
664,Sinead Holland,Wrestling,Male,30
665,Jagdeep Sims,Judo,Female,65
666,Zaynab Markham,Golf,Non-binary,60
667,Keir Soto,Shooting,Non-binary,17
668,Margot Reyna,Tennis,Male,21
669,Dougie Whelan,Bowling,Non-binary,20
670,Frida Rayner,Curling,Non-binary,32
671,Gurveer Lutz,Table tennis,Non-binary,65
672,Rukhsar Roman,Karate,Female,17
673,Robert Horne,Bowling,Non-binary,84
674,Romy Cohen,Curling,Non-binary,68
675,Salman Whitley,Shooting,Non-binary,56
676,Areebah Calhoun,Tennis,Male,63
677,Zaynab Markham,Cycling,Male,54
678,Areebah Calhoun,Hockey,Male,71
679,Lois Wong,Running,Female,74
680,Libbi Driscoll,Badminton,Non-binary,62
681,Nour Fox,Soccer,Non-binary,12
682,Lillie Paterson,Tennis,Non-binary,72
683,Ella-Rose Choi,Badminton,Female,58
684,Albert Cross,Baseball,Female,85
685,Zaynab Markham,Tennis,Non-binary,73
686,Devon Lowry,Volleyball,Female,71
687,Karen Diaz,Hang gliding,Male,15
688,Rylee Hinton,Weightlifting,Female,84
689,Ephraim Booth,Judo,Male,19
690,Cody Buckley,Rugby,Non-binary,56
691,Tarik Corona,Cricket,Male,42
692,Conal Taylor,Fishing,Non-binary,28
693,Ewen Stott,Basketball,Female,39
694,Heath Robson,Archery,Female,42
695,Lexi Hendricks,Volleyball,Female,46
696,Simran Dudley,Fishing,Male,13
697,Ibrahim Witt,Gymnastics,Male,29
698,Zayan Yang,Rugby,Non-binary,28
699,Conal Taylor,Basketball,Female,64
700,Eleasha Firth,Fencing,Non-binary,83
701,Andre Matthews,Table tennis,Female,54
702,Karis Lane,Skateboarding,Female,46
703,Scarlette Mohammed,Gymnastics,Non-binary,61
704,Ella-Rose Choi,Karate,Male,70
705,Isabella-Rose Hawkins,Fishing,Male,46
706,Lillie-Mae O'Neill,Baseball,Non-binary,48
707,Eleri Garza,Basketball,Female,15
708,Soraya Bevan,Running,Male,30
709,Zander Spencer,Pool,Female,28
710,Cody Buckley,Karate,Male,30
711,Tarik Corona,Cycling,Male,68
712,Keir Soto,Boxing,Non-binary,30
713,Ella-Rose Choi,Judo,Non-binary,39
714,Alessio Day,Volleyball,Male,78
715,Kelly Hodge,Hang gliding,Non-binary,43
716,Jimmie Gallegos,Gymnastics,Female,56
717,Madeeha Bellamy,Fencing,Male,47
718,Gracie Hood,Weightlifting,Non-binary,81
719,Julius Colley,Tennis,Female,64
720,Calista Cummings,Judo,Female,38
721,Aoife Wynn,Horse racing,Male,59
722,Otto Valenzuela,Horse racing,Non-binary,67
723,Ephraim Booth,Tennis,Non-binary,14
724,Dougie Whelan,Fencing,Non-binary,14
725,Sheena Walls,Horseback riding,Non-binary,60
726,Soraya Bevan,Figure skating,Female,16
727,Mario Easton,Basketball,Non-binary,39
728,Devon Lowry,Karate,Non-binary,66
729,Huseyin Sargent,Karate,Male,65
730,Aron Parsons,Figure skating,Male,26
731,Rylee Hinton,Basketball,Non-binary,84
732,Zayan Yang,Cricket,Non-binary,85
733,Margot Reyna,Rugby,Non-binary,82
734,Zayan Yang,Shooting,Non-binary,73
735,Batman,Cycling,Non-binary,83
736,Romy Cohen,Badminton,Female,81
737,Charlene Myers,Volleyball,Male,34
738,Sylvie Yoder,High jumping,Male,51
739,Madeeha Bellamy,Fishing,Non-binary,16
740,Soraya Bevan,Yoga,Female,13
741,Camron Rees,Table tennis,Non-binary,73
742,Romana Wagner,Tennis,Non-binary,17
743,Conal Taylor,Cricket,Male,54
744,Lorna Jenkins,Shooting,Male,49
745,Calista Cummings,Rugby,Female,39
746,Keri Rocha,Cycling,Female,13
747,Sylvie Yoder,Fishing,Female,37
748,Julius Colley,Basketball,Male,46
749,Karis Lane,Soccer,Female,44
750,Domonic Keller,Table tennis,Male,38
751,Heath Robson,Hang gliding,Non-binary,24
752,Cody Buckley,Tennis,Non-binary,29
753,Romana Wagner,Gymnastics,Female,25
754,Conal Taylor,Soccer,Female,23
755,Ashlee Owens,High jumping,Male,41
756,Romy Cohen,Car racing,Non-binary,48
757,Siraj Blevins,Running,Male,26
758,Libbi Driscoll,Hockey,Male,71
759,Fionn Cochran,Judo,Female,15
760,Keaton Ferry,Shooting,Non-binary,34
761,Lillie-Mae O'Neill,Running,Female,35
762,Ritik Moses,Curling,Female,13
763,Areebah Calhoun,Rugby,Female,32
764,Karen Diaz,Karate,Male,66
765,Lexi Hendricks,Basketball,Non-binary,65
766,Albert Cross,Judo,Non-binary,28
767,Romy Cohen,Basketball,Female,82
768,Nadeem Craft,Bowling,Female,23
769,Areebah Calhoun,Shooting,Female,55
770,Lillie Paterson,Yoga,Male,82
771,Roland Burns,Figure skating,Female,14
772,Cody Buckley,Pool,Non-binary,68
773,Karen Diaz,Pool,Male,46
774,Gianluca Walker,Horse racing,Non-binary,46
775,Fatima Goodwin,Bowling,Male,37
776,Sinead Holland,Car racing,Non-binary,67
777,Shanaya Bouvet,Boxing,Male,68
778,Keaton Ferry,Baseball,Non-binary,74
779,Ella-Grace Hollis,Archery,Non-binary,37
780,Tarik Corona,Boxing,Male,56
781,Fatima Goodwin,Cricket,Non-binary,53
782,Alvin Carpenter,Karate,Male,39
783,Kathryn Lindsey,Yoga,Non-binary,42
784,Otto Valenzuela,Hang gliding,Male,13
785,Nour Fox,Cricket,Male,34
786,Roscoe Dunne,Boxing,Male,39
787,Alvin Carpenter,Horse racing,Female,20
788,Madeeha Bellamy,Golf,Male,74
789,Sheena Walls,Boxing,Male,28
790,Lois Wong,Fencing,Male,85
791,Lois Wong,Car racing,Male,12
792,Siraj Blevins,Judo,Male,36
793,Ritik Moses,Curling,Non-binary,77
794,Frida Rayner,Wrestling,Non-binary,48
795,Devon Lowry,Boxing,Female,16
796,Eiliyah West,Pool,Male,27
797,Eiliyah West,High jumping,Female,44
798,Maisha Frost,Gymnastics,Non-binary,48
799,Nisha Vang,Bowling,Female,82
800,Aoife Wynn,Running,Male,50
801,Renee Park,Fitness,Non-binary,75
802,Cody Buckley,Horse racing,Female,31
803,Marilyn Burks,Table tennis,Female,62
804,Fionn Cochran,Shooting,Non-binary,52
805,Zayan Yang,Badminton,Male,26
806,Ella-Rose Choi,Shooting,Male,66
807,Nour Fox,Hang gliding,Female,82
808,Mathias Russo,Horseback riding,Non-binary,27
809,Ephraim Booth,Archery,Non-binary,29
810,Kenya Hartman,Shooting,Female,14
811,Gurveer Lutz,Figure skating,Male,46
812,Ella-Rose Choi,Baseball,Male,49
813,Calista Cummings,Archery,Male,18
814,Simran Dudley,Badminton,Male,33
815,Scarlette Mohammed,Judo,Male,56
816,Ajay Bryan,Pool,Non-binary,43
817,Batman,Climbing,Male,51
818,Dougie Whelan,Soccer,Non-binary,78
819,Keri Rocha,Golf,Non-binary,20
820,Amandeep Mclean,Shooting,Female,53
821,Kiera Ridley,Skateboarding,Male,50
822,Lois Wong,Climbing,Non-binary,17
823,Tyron Goodman,Horseback riding,Female,81
824,Lillie-Mae O'Neill,Rugby,Non-binary,18
825,Keaton Ferry,Weightlifting,Male,72
826,Soraya Bevan,Climbing,Male,57
827,Ajay Bryan,Karate,Female,14
828,Lillie-Mae O'Neill,Climbing,Female,16
829,Eleri Garza,Car racing,Male,82
830,Siraj Blevins,Golf,Male,21
831,Fatima Goodwin,Table tennis,Female,74
832,Franco Crouch,Fencing,Male,48
833,Mathias Russo,Surfing,Male,15
834,Libbi Driscoll,Volleyball,Female,22
835,Keir Soto,Fishing,Female,76
836,Lillie-Mae O'Neill,Horseback riding,Female,76
837,Shahzaib Petty,Karate,Male,73
838,Libbi Driscoll,Weightlifting,Female,22
839,Mathias Russo,Cricket,Non-binary,83
840,Kelly Hodge,Curling,Female,37
841,Sylvie Yoder,Rugby,Non-binary,48
842,Kenya Hartman,Running,Male,67
843,Sinead Holland,Judo,Female,55
844,Lillie-Mae O'Neill,Fitness,Female,25
845,Sinead Holland,Cricket,Female,51
846,Mario Easton,Surfing,Male,52
847,Julius Colley,Boxing,Non-binary,45
848,Lillie Paterson,High jumping,Male,21
849,Larissa Kinney,Wrestling,Female,17
850,Soraya Bevan,Running,Male,60
851,Keir Soto,Curling,Female,68
852,Federico Ray,Horseback riding,Female,84
853,Eiliyah West,Volleyball,Male,86
854,Ashlee Owens,Karate,Male,61
855,Andre Matthews,Skateboarding,Male,70
856,Eiliyah West,Horse racing,Female,42
857,Karis Lane,Horseback riding,Non-binary,12
858,Lorna Jenkins,Bowling,Male,34
859,Gracie Hood,Fishing,Male,80
860,Rojin Sparrow,Skateboarding,Non-binary,43
861,Scarlette Mohammed,Cycling,Male,13
862,Soraya Bevan,Yoga,Female,80
863,Alessio Day,Surfing,Female,25
864,Lorna Jenkins,Fishing,Female,72
865,Alessio Day,Hang gliding,Female,31
866,Kathryn Lindsey,Horse racing,Female,67
867,Karen Diaz,Boxing,Non-binary,39
868,Shahzaib Petty,Fitness,Male,84
869,Sinead Holland,Climbing,Male,44
870,Nour Fox,Yoga,Non-binary,57
871,Eleri Garza,Fitness,Non-binary,14
872,Huseyin Sargent,Yoga,Male,20
873,Sandra Wickens,Fishing,Non-binary,68
874,Sandra Wickens,Hang gliding,Male,15
875,Eleasha Firth,Cycling,Female,64
876,Albert Cross,Shooting,Female,30
877,Ajay Bryan,Basketball,Male,18
878,Federico Ray,Pool,Male,16
879,Fatima Goodwin,Hang gliding,Male,37
880,Jensen Conroy,Fishing,Non-binary,36
881,Blair Torres,Horseback riding,Male,45
882,Ephraim Booth,Soccer,Non-binary,78
883,Batman,Hockey,Male,14
884,Leighton Bloggs,Basketball,Female,32
885,Gurveer Lutz,Golf,Male,61
886,Halle Sampson,Basketball,Male,62
887,Margot Reyna,Fitness,Female,42
