pet.unique_id,pet.name,pet.species,pet.age,vet.unique_id,vet.name,vet.specialty
1001,Slightly,Cat,3,1018,Fatima Goodwin,Cat
1002,Violet,Dog,11,1004,Aoife Wynn,Dog
1003,Simon,Hamster,9,1013,Kathryn Lindsey,Hamster
1004,Slightly,Hamster,7,1009,Leighton Bloggs,Hamster
1005,Frankie,Cat,14,1022,Keaton Ferry,Cat
1006,Piper,Hamster,8,1009,Leighton Bloggs,Hamster
1007,Esco,Dog,7,1017,Romana Wagner,Dog
1008,Frankie Lee Jones,Dog,8,1025,Nour Fox,Dog
1009,Koshka,Hamster,10,1009,Leighton Bloggs,Hamster
1010,Emily,Hamster,14,1020,Areebah Calhoun,Hamster
1011,Misty,Parrot,7,1014,Aron Parsons,Parrot
1012,Zorg,Hamster,14,1007,Domonic Keller,Hamster
1013,Estrela,Cat,13,1024,Aron Parsons,Cat
1014,Cowboy,Hamster,6,1015,Batman,Hamster
1015,Hudson,Parrot,14,1026,Lorna Jenkins,Parrot
1016,Maggie,Cat,1,1018,Fatima Goodwin,Cat
1017,Digger,Parrot,12,1012,Zayan Yang,Parrot
1018,Simon,Dog,11,1016,Gianluca Walker,Dog
1019,Frankie Lee Jones,Cat,13,1008,Calista Cummings,Cat
1020,Frankie,Dog,14,1002,Fionn Cochran,Dog
1021,Bailey,Cat,15,1018,Fatima Goodwin,Cat
1022,Bailey,Dog,1,1016,Gianluca Walker,Dog
1023,Pumpkin,Cat,13,1024,Aron Parsons,Cat
1024,Lyra,Cat,15,1021,Halle Sampson,Cat
1025,Frankie,Parrot,2,1005,Heath Robson,Parrot
1026,Hudson,Parrot,14,1006,Domonic Keller,Parrot
1027,Nepeta,Parrot,7,1003,Devon Lowry,Parrot
1028,Hudson,Hamster,3,1013,Kathryn Lindsey,Hamster
1029,Sunbeam,Parrot,3,1010,Calista Cummings,Parrot
1030,Chico,Dog,7,1017,Romana Wagner,Dog
1031,Minnie,Hamster,13,1023,Hasnain Mendoza,Hamster
1032,Zen,Parrot,8,1003,Devon Lowry,Parrot
1033,Norman,Cat,1,1022,Keaton Ferry,Cat
1034,Emily,Dog,11,1002,Fionn Cochran,Dog
1035,Little Bear,Hamster,14,1009,Leighton Bloggs,Hamster
1036,Violet,Hamster,9,1015,Batman,Hamster
1037,Koshka,Hamster,10,1009,Leighton Bloggs,Hamster
1038,Maggie,Parrot,14,1026,Lorna Jenkins,Parrot
1039,Lellow,Dog,13,1025,Nour Fox,Dog
1040,Buffy,Hamster,1,1027,Madeeha Bellamy,Hamster
1041,Emily,Hamster,2,1015,Batman,Hamster
1042,Minnie,Hamster,12,1027,Madeeha Bellamy,Hamster
1043,Misty,Hamster,1,1015,Batman,Hamster
1044,Lucky,Cat,3,1021,Halle Sampson,Cat
1045,Zen,Parrot,6,1012,Zayan Yang,Parrot
1046,North Star,Cat,3,1021,Halle Sampson,Cat
1047,Esco,Parrot,11,1012,Zayan Yang,Parrot
1048,George,Dog,2,1002,Fionn Cochran,Dog
1049,Pepper,Cat,14,1022,Keaton Ferry,Cat
1050,George,Hamster,11,1007,Domonic Keller,Hamster
1051,Gamzee,Dog,11,1004,Aoife Wynn,Dog
1052,Evelyn,Dog,12,1002,Fionn Cochran,Dog
1053,Hudson,Parrot,4,1006,Domonic Keller,Parrot
1054,Princess,Cat,4,1024,Aron Parsons,Cat
1055,Charlie,Cat,9,1024,Aron Parsons,Cat
1056,Buffy,Dog,13,1017,Romana Wagner,Dog
1057,Estrela,Parrot,2,1003,Devon Lowry,Parrot
1058,Cloudy,Dog,10,1016,Gianluca Walker,Dog
1059,Pumpkin,Cat,4,1021,Halle Sampson,Cat
1060,Misty,Hamster,9,1023,Hasnain Mendoza,Hamster
1061,Minnie,Hamster,2,1015,Batman,Hamster
1062,Charlie,Cat,1,1021,Halle Sampson,Cat
1063,George,Hamster,10,1020,Areebah Calhoun,Hamster
1064,Cloudy,Dog,12,1025,Nour Fox,Dog
1065,Digger,Hamster,10,1023,Hasnain Mendoza,Hamster
1066,Lucky,Dog,9,1002,Fionn Cochran,Dog
1067,Eloise,Hamster,11,1007,Domonic Keller,Hamster
1068,Norman,Cat,1,1018,Fatima Goodwin,Cat
1069,Misty,Cat,1,1008,Calista Cummings,Cat
1070,Misty,Parrot,7,1014,Aron Parsons,Parrot
1071,Esco,Cat,4,1008,Calista Cummings,Cat
1072,Princess,Dog,1,1004,Aoife Wynn,Dog
1073,Eloise,Cat,10,1018,Fatima Goodwin,Cat
1074,Daisy,Cat,12,1018,Fatima Goodwin,Cat
1075,Esco,Dog,2,1011,Libbi Driscoll,Dog
1076,Norman,Dog,3,1002,Fionn Cochran,Dog
1077,Gamzee,Parrot,2,1012,Zayan Yang,Parrot
1078,Lyra,Cat,5,1008,Calista Cummings,Cat
1079,Pumpkin,Parrot,6,1012,Zayan Yang,Parrot
1080,Cathol,Cat,15,1022,Keaton Ferry,Cat
1081,Cowboy,Hamster,2,1020,Areebah Calhoun,Hamster
1082,Hudson,Cat,14,1024,Aron Parsons,Cat
1083,Wilson,Parrot,7,1012,Zayan Yang,Parrot
1084,Leeloo,Hamster,12,1013,Kathryn Lindsey,Hamster
1085,North Star,Parrot,9,1010,Calista Cummings,Parrot
1086,Simon,Dog,12,1004,Aoife Wynn,Dog
1087,Minnie,Hamster,4,1009,Leighton Bloggs,Hamster
1088,Misty,Cat,15,1024,Aron Parsons,Cat
1089,Leeloo,Hamster,11,1020,Areebah Calhoun,Hamster
1090,Norman,Parrot,13,1006,Domonic Keller,Parrot
1091,Princess,Cat,6,1022,Keaton Ferry,Cat
1092,Pumpkin,Parrot,12,1006,Domonic Keller,Parrot
1093,Cathol,Dog,1,1025,Nour Fox,Dog
1094,Lellow,Hamster,13,1027,Madeeha Bellamy,Hamster
1095,Vinnie,Cat,13,1008,Calista Cummings,Cat
1096,Wilson,Parrot,12,1012,Zayan Yang,Parrot
1097,Cowboy,Hamster,12,1007,Domonic Keller,Hamster
1098,Faith,Parrot,13,1019,Alvin Carpenter,Parrot
1099,Kevin Boots Ewing,Parrot,2,1001,Roscoe Dunne,Parrot
1100,Slightly,Dog,14,1017,Romana Wagner,Dog
1101,Eloise,Parrot,3,1003,Devon Lowry,Parrot
1102,Frankie Lee Jones,Hamster,6,1027,Madeeha Bellamy,Hamster
1103,Charlie,Cat,7,1008,Calista Cummings,Cat
1104,Bailey,Cat,15,1022,Keaton Ferry,Cat
1105,Hudson,Cat,7,1022,Keaton Ferry,Cat
1106,Little Bear,Dog,14,1004,Aoife Wynn,Dog
1107,Cathol,Dog,13,1002,Fionn Cochran,Dog
1108,Pepper,Dog,14,1002,Fionn Cochran,Dog
1109,Koshka,Hamster,15,1009,Leighton Bloggs,Hamster
1110,Misty,Hamster,13,1023,Hasnain Mendoza,Hamster
1111,Slightly,Dog,5,1011,Libbi Driscoll,Dog
1112,Kevin Boots Ewing,Dog,2,1017,Romana Wagner,Dog
1113,Simon,Parrot,15,1026,Lorna Jenkins,Parrot
1114,Koshka,Parrot,6,1001,Roscoe Dunne,Parrot
1115,Little Bear,Parrot,4,1012,Zayan Yang,Parrot
1116,Zen,Dog,9,1004,Aoife Wynn,Dog
1117,Evelyn,Parrot,7,1006,Domonic Keller,Parrot
1118,Princess,Dog,12,1011,Libbi Driscoll,Dog
1119,Lucky,Hamster,15,1020,Areebah Calhoun,Hamster
1120,Faith,Cat,3,1018,Fatima Goodwin,Cat
1121,Frankie Lee Jones,Parrot,7,1003,Devon Lowry,Parrot
1122,Cloudy,Cat,2,1018,Fatima Goodwin,Cat
1123,Digger,Hamster,9,1027,Madeeha Bellamy,Hamster
1124,Princess,Dog,2,1016,Gianluca Walker,Dog
1125,Wilson,Parrot,4,1001,Roscoe Dunne,Parrot
1126,Sherman,Parrot,15,1006,Domonic Keller,Parrot
1127,Jet,Dog,7,1004,Aoife Wynn,Dog
1128,Sherman,Cat,5,1024,Aron Parsons,Cat
1129,Esco,Dog,4,1016,Gianluca Walker,Dog
1130,Faith,Parrot,13,1005,Heath Robson,Parrot
1131,Violet,Parrot,1,1005,Heath Robson,Parrot
1132,Misty,Hamster,12,1023,Hasnain Mendoza,Hamster
1133,Cowboy,Dog,3,1017,Romana Wagner,Dog
1134,Maggie,Dog,14,1025,Nour Fox,Dog
1135,Simon,Dog,15,1002,Fionn Cochran,Dog
1136,Esco,Hamster,2,1023,Hasnain Mendoza,Hamster
1137,Sherman,Parrot,13,1012,Zayan Yang,Parrot
1138,Princess,Parrot,6,1005,Heath Robson,Parrot
1139,Wilson,Parrot,9,1014,Aron Parsons,Parrot
1140,Norman,Parrot,2,1012,Zayan Yang,Parrot
1141,Tanner,Cat,8,1008,Calista Cummings,Cat
1142,Lyra,Hamster,12,1027,Madeeha Bellamy,Hamster
1143,North Star,Hamster,8,1007,Domonic Keller,Hamster
1144,Leeloo,Dog,6,1016,Gianluca Walker,Dog
1145,Lyra,Hamster,10,1027,Madeeha Bellamy,Hamster
1146,Kevin Boots Ewing,Cat,13,1018,Fatima Goodwin,Cat
1147,Tanner,Cat,12,1022,Keaton Ferry,Cat
1148,Pepper,Hamster,7,1009,Leighton Bloggs,Hamster
1149,Lellow,Dog,5,1017,Romana Wagner,Dog
1150,Cathol,Dog,13,1004,Aoife Wynn,Dog
1151,Emily,Parrot,11,1005,Heath Robson,Parrot
1152,Slightly,Hamster,4,1015,Batman,Hamster
1153,Nepeta,Hamster,1,1013,Kathryn Lindsey,Hamster
1154,Frankie Lee Jones,Dog,13,1016,Gianluca Walker,Dog
1155,Wilson,Cat,12,1024,Aron Parsons,Cat
1156,Simon,Hamster,2,1023,Hasnain Mendoza,Hamster
1157,Bailey,Parrot,10,1019,Alvin Carpenter,Parrot
1158,Little Bear,Dog,3,1004,Aoife Wynn,Dog
1159,Pumpkin,Dog,13,1004,Aoife Wynn,Dog
1160,Charlie,Dog,2,1025,Nour Fox,Dog
1161,Bailey,Parrot,11,1005,Heath Robson,Parrot
1162,Digger,Hamster,4,1015,Batman,Hamster
1163,Zorg,Cat,14,1018,Fatima Goodwin,Cat
1164,Buffy,Dog,10,1016,Gianluca Walker,Dog
1165,Sunbeam,Parrot,5,1014,Aron Parsons,Parrot
1166,Lellow,Parrot,9,1005,Heath Robson,Parrot
1167,Cloudy,Hamster,7,1020,Areebah Calhoun,Hamster
1168,George,Parrot,5,1014,Aron Parsons,Parrot
1169,Bailey,Parrot,9,1003,Devon Lowry,Parrot
1170,Simon,Hamster,8,1013,Kathryn Lindsey,Hamster
1171,Sunbeam,Dog,4,1016,Gianluca Walker,Dog
1172,Princess,Dog,7,1004,Aoife Wynn,Dog
1173,Lyra,Dog,9,1017,Romana Wagner,Dog
1174,Lucky,Parrot,15,1012,Zayan Yang,Parrot
1175,Estrela,Hamster,8,1015,Batman,Hamster
1176,Tanner,Dog,6,1011,Libbi Driscoll,Dog
1177,Tanner,Parrot,2,1001,Roscoe Dunne,Parrot
1178,Simon,Cat,12,1022,Keaton Ferry,Cat
1179,Violet,Cat,1,1022,Keaton Ferry,Cat
1180,Eloise,Cat,3,1021,Halle Sampson,Cat
1181,Norman,Hamster,10,1009,Leighton Bloggs,Hamster
1182,Norman,Dog,13,1002,Fionn Cochran,Dog
1183,Wilson,Dog,8,1002,Fionn Cochran,Dog
1184,Lellow,Hamster,5,1013,Kathryn Lindsey,Hamster
1185,Digger,Parrot,9,1019,Alvin Carpenter,Parrot
1186,Pepper,Hamster,5,1015,Batman,Hamster
1187,Leeloo,Dog,2,1025,Nour Fox,Dog
1188,North Star,Dog,4,1025,Nour Fox,Dog
1189,Lyra,Dog,1,1025,Nour Fox,Dog
1190,Puck,Cat,7,1021,Halle Sampson,Cat
1191,Pumpkin,Dog,12,1025,Nour Fox,Dog
1192,Simon,Parrot,6,1012,Zayan Yang,Parrot
1193,Wilbur,Parrot,4,1005,Heath Robson,Parrot
1194,George,Parrot,7,1014,Aron Parsons,Parrot
1195,Simon,Parrot,4,1026,Lorna Jenkins,Parrot
1196,Cathol,Hamster,15,1009,Leighton Bloggs,Hamster
1197,Tanner,Hamster,7,1015,Batman,Hamster
1198,Charlie,Hamster,13,1009,Leighton Bloggs,Hamster
1199,Daisy,Dog,9,1016,Gianluca Walker,Dog
1200,Frankie Lee Jones,Hamster,10,1013,Kathryn Lindsey,Hamster
1201,Cloudy,Dog,6,1011,Libbi Driscoll,Dog
1202,Estrela,Cat,7,1008,Calista Cummings,Cat
1203,Puck,Parrot,10,1012,Zayan Yang,Parrot
1204,Lellow,Parrot,10,1019,Alvin Carpenter,Parrot
1205,Esco,Hamster,12,1023,Hasnain Mendoza,Hamster
1206,Norman,Parrot,14,1003,Devon Lowry,Parrot
1207,Estrela,Dog,9,1002,Fionn Cochran,Dog
1208,Maggie,Parrot,1,1005,Heath Robson,Parrot
1209,Esco,Dog,3,1025,Nour Fox,Dog
1210,Buffy,Hamster,15,1007,Domonic Keller,Hamster
1211,Vinnie,Cat,12,1022,Keaton Ferry,Cat
1212,Pumpkin,Parrot,4,1001,Roscoe Dunne,Parrot
1213,Esco,Hamster,15,1013,Kathryn Lindsey,Hamster
1214,Sunbeam,Dog,1,1004,Aoife Wynn,Dog
1215,Zen,Parrot,1,1026,Lorna Jenkins,Parrot
1216,Zorg,Dog,3,1011,Libbi Driscoll,Dog
1217,Frankie Lee Jones,Hamster,10,1027,Madeeha Bellamy,Hamster
1218,Piper,Cat,6,1021,Halle Sampson,Cat
1219,Daisy,Dog,5,1011,Libbi Driscoll,Dog
1220,Charlie,Cat,15,1021,Halle Sampson,Cat
1221,Misty,Hamster,5,1013,Kathryn Lindsey,Hamster
1222,Estrela,Parrot,12,1012,Zayan Yang,Parrot
1223,Little Bear,Dog,11,1016,Gianluca Walker,Dog
1224,Cowboy,Hamster,12,1020,Areebah Calhoun,Hamster
1225,Puck,Hamster,6,1013,Kathryn Lindsey,Hamster
1226,Eloise,Dog,11,1011,Libbi Driscoll,Dog
1227,Esco,Parrot,9,1006,Domonic Keller,Parrot
1228,Minnie,Parrot,3,1010,Calista Cummings,Parrot
1229,Lyra,Hamster,6,1015,Batman,Hamster
1230,Kevin Boots Ewing,Dog,12,1004,Aoife Wynn,Dog
1231,Cathol,Cat,9,1008,Calista Cummings,Cat
1232,Charlie,Dog,3,1016,Gianluca Walker,Dog
1233,Princess,Parrot,4,1026,Lorna Jenkins,Parrot
1234,Pumpkin,Dog,4,1025,Nour Fox,Dog
1235,Misty,Dog,14,1011,Libbi Driscoll,Dog
1236,Lellow,Cat,11,1021,Halle Sampson,Cat
1237,Violet,Parrot,11,1003,Devon Lowry,Parrot
1238,Kevin Boots Ewing,Parrot,3,1003,Devon Lowry,Parrot
1239,Lucky,Hamster,6,1023,Hasnain Mendoza,Hamster
1240,Digger,Hamster,11,1023,Hasnain Mendoza,Hamster
1241,Slightly,Hamster,5,1015,Batman,Hamster
1242,Little Bear,Cat,13,1024,Aron Parsons,Cat
1243,Sunbeam,Dog,7,1004,Aoife Wynn,Dog
1244,Chico,Cat,9,1022,Keaton Ferry,Cat
1245,Kevin Boots Ewing,Hamster,1,1009,Leighton Bloggs,Hamster
1246,Estrela,Hamster,2,1023,Hasnain Mendoza,Hamster
1247,Frankie Lee Jones,Parrot,2,1010,Calista Cummings,Parrot
1248,Wilbur,Hamster,14,1009,Leighton Bloggs,Hamster
1249,Vinnie,Hamster,12,1015,Batman,Hamster
1250,Buffy,Hamster,7,1020,Areebah Calhoun,Hamster
1251,Buffy,Dog,6,1017,Romana Wagner,Dog
1252,Lyra,Parrot,14,1005,Heath Robson,Parrot
1253,Chico,Hamster,3,1027,Madeeha Bellamy,Hamster
1254,Evelyn,Cat,4,1022,Keaton Ferry,Cat
1255,Bailey,Cat,2,1024,Aron Parsons,Cat
1256,Emily,Hamster,1,1027,Madeeha Bellamy,Hamster
1257,Pumpkin,Hamster,3,1023,Hasnain Mendoza,Hamster
1258,George,Dog,13,1011,Libbi Driscoll,Dog
1259,Koshka,Parrot,14,1019,Alvin Carpenter,Parrot
1260,Emily,Cat,3,1018,Fatima Goodwin,Cat
1261,Pepper,Parrot,11,1010,Calista Cummings,Parrot
1262,Wilson,Dog,2,1004,Aoife Wynn,Dog
1263,Pumpkin,Dog,1,1017,Romana Wagner,Dog
1264,Wilson,Parrot,1,1014,Aron Parsons,Parrot
1265,Lellow,Hamster,12,1015,Batman,Hamster
1266,Lyra,Hamster,12,1013,Kathryn Lindsey,Hamster
1267,Gamzee,Dog,9,1025,Nour Fox,Dog
1268,Koshka,Cat,13,1018,Fatima Goodwin,Cat
1269,Pepper,Hamster,13,1027,Madeeha Bellamy,Hamster
1270,Lyra,Parrot,5,1026,Lorna Jenkins,Parrot
1271,George,Hamster,6,1015,Batman,Hamster
1272,Leeloo,Cat,13,1024,Aron Parsons,Cat
1273,Simon,Hamster,3,1013,Kathryn Lindsey,Hamster
1274,Lyra,Parrot,6,1026,Lorna Jenkins,Parrot
1275,Cowboy,Cat,8,1022,Keaton Ferry,Cat
1276,Gamzee,Parrot,4,1005,Heath Robson,Parrot
1277,Misty,Hamster,13,1009,Leighton Bloggs,Hamster
1278,Zen,Dog,3,1002,Fionn Cochran,Dog
1279,Pumpkin,Parrot,2,1019,Alvin Carpenter,Parrot
1280,Digger,Parrot,13,1014,Aron Parsons,Parrot
1281,Misty,Parrot,15,1003,Devon Lowry,Parrot
1282,Violet,Cat,1,1024,Aron Parsons,Cat
1283,Maggie,Parrot,8,1003,Devon Lowry,Parrot
1284,Tanner,Parrot,6,1005,Heath Robson,Parrot
1285,Pepper,Dog,14,1017,Romana Wagner,Dog
1286,Misty,Dog,3,1004,Aoife Wynn,Dog
1287,Leeloo,Cat,4,1021,Halle Sampson,Cat
1288,Piper,Parrot,4,1012,Zayan Yang,Parrot
1289,Emily,Hamster,12,1027,Madeeha Bellamy,Hamster
1290,Zen,Hamster,8,1007,Domonic Keller,Hamster
1291,Violet,Hamster,11,1015,Batman,Hamster
1292,Vinnie,Hamster,5,1027,Madeeha Bellamy,Hamster
1293,Slightly,Hamster,7,1009,Leighton Bloggs,Hamster
1294,Esco,Hamster,6,1013,Kathryn Lindsey,Hamster
1295,Frankie Lee Jones,Cat,9,1022,Keaton Ferry,Cat
1296,Princess,Hamster,14,1013,Kathryn Lindsey,Hamster
1297,Nepeta,Hamster,1,1027,Madeeha Bellamy,Hamster
1298,Zorg,Hamster,6,1013,Kathryn Lindsey,Hamster
1299,Misty,Parrot,7,1001,Roscoe Dunne,Parrot
1300,Minnie,Parrot,4,1005,Heath Robson,Parrot
1301,Little Bear,Hamster,14,1015,Batman,Hamster
1302,Koshka,Dog,6,1002,Fionn Cochran,Dog
1303,Zen,Dog,10,1002,Fionn Cochran,Dog
1304,Violet,Hamster,2,1007,Domonic Keller,Hamster
1305,Simon,Cat,1,1018,Fatima Goodwin,Cat
1306,Wilson,Parrot,5,1019,Alvin Carpenter,Parrot
1307,Leeloo,Hamster,6,1027,Madeeha Bellamy,Hamster
1308,Bailey,Dog,14,1017,Romana Wagner,Dog
1309,Bailey,Parrot,15,1010,Calista Cummings,Parrot
1310,Simon,Parrot,8,1012,Zayan Yang,Parrot
1311,Lucky,Parrot,15,1010,Calista Cummings,Parrot
1312,Lucky,Parrot,8,1010,Calista Cummings,Parrot
1313,Koshka,Dog,11,1016,Gianluca Walker,Dog
1314,Pepper,Hamster,14,1027,Madeeha Bellamy,Hamster
1315,Esco,Hamster,9,1015,Batman,Hamster
1316,Daisy,Dog,1,1025,Nour Fox,Dog
1317,Maggie,Cat,13,1018,Fatima Goodwin,Cat
1318,Piper,Dog,15,1025,Nour Fox,Dog
1319,Esco,Hamster,12,1009,Leighton Bloggs,Hamster
1320,Koshka,Dog,14,1002,Fionn Cochran,Dog
1321,Lucky,Cat,9,1008,Calista Cummings,Cat
1322,Lellow,Parrot,4,1005,Heath Robson,Parrot
1323,Cathol,Parrot,2,1001,Roscoe Dunne,Parrot
1324,Kevin Boots Ewing,Hamster,13,1009,Leighton Bloggs,Hamster
1325,Slightly,Hamster,3,1015,Batman,Hamster
1326,Cathol,Cat,14,1022,Keaton Ferry,Cat
1327,Vinnie,Parrot,3,1003,Devon Lowry,Parrot
1328,Cowboy,Cat,12,1008,Calista Cummings,Cat
1329,Zen,Hamster,9,1020,Areebah Calhoun,Hamster
1330,Norman,Hamster,7,1013,Kathryn Lindsey,Hamster
1331,Hudson,Hamster,3,1023,Hasnain Mendoza,Hamster
1332,Vinnie,Dog,6,1002,Fionn Cochran,Dog
1333,Nepeta,Hamster,10,1009,Leighton Bloggs,Hamster
1334,Wilson,Dog,5,1016,Gianluca Walker,Dog
1335,Nepeta,Hamster,12,1013,Kathryn Lindsey,Hamster
1336,Lyra,Cat,3,1022,Keaton Ferry,Cat
1337,Sherman,Cat,6,1008,Calista Cummings,Cat
1338,George,Parrot,9,1003,Devon Lowry,Parrot
1339,Pepper,Parrot,6,1005,Heath Robson,Parrot
1340,Leeloo,Cat,2,1022,Keaton Ferry,Cat
1341,Simon,Dog,9,1025,Nour Fox,Dog
1342,Hudson,Hamster,6,1015,Batman,Hamster
1343,Wilson,Cat,10,1024,Aron Parsons,Cat
1344,Pepper,Cat,2,1008,Calista Cummings,Cat
1345,Jet,Hamster,4,1015,Batman,Hamster
1346,Tanner,Hamster,12,1027,Madeeha Bellamy,Hamster
1347,Lellow,Dog,15,1011,Libbi Driscoll,Dog
1348,Misty,Hamster,12,1015,Batman,Hamster
1349,Charlie,Cat,8,1024,Aron Parsons,Cat
1350,Cowboy,Hamster,14,1027,Madeeha Bellamy,Hamster
1351,Daisy,Hamster,7,1023,Hasnain Mendoza,Hamster
1352,Kevin Boots Ewing,Parrot,5,1006,Domonic Keller,Parrot
1353,Daisy,Hamster,7,1009,Leighton Bloggs,Hamster
1354,Hudson,Parrot,13,1014,Aron Parsons,Parrot
1355,Gamzee,Dog,8,1025,Nour Fox,Dog
1356,Lellow,Hamster,13,1027,Madeeha Bellamy,Hamster
1357,Simon,Parrot,12,1019,Alvin Carpenter,Parrot
1358,Estrela,Hamster,11,1023,Hasnain Mendoza,Hamster
1359,Faith,Parrot,7,1006,Domonic Keller,Parrot
1360,Princess,Cat,12,1022,Keaton Ferry,Cat
1361,Esco,Dog,4,1002,Fionn Cochran,Dog
1362,Leeloo,Dog,14,1016,Gianluca Walker,Dog
1363,Sherman,Cat,8,1022,Keaton Ferry,Cat
1364,Wilson,Dog,11,1004,Aoife Wynn,Dog
1365,Sherman,Dog,5,1004,Aoife Wynn,Dog
1366,Buffy,Parrot,7,1026,Lorna Jenkins,Parrot
1367,North Star,Parrot,11,1003,Devon Lowry,Parrot
1368,Buffy,Parrot,12,1012,Zayan Yang,Parrot
1369,Kevin Boots Ewing,Parrot,13,1012,Zayan Yang,Parrot
1370,Wilbur,Cat,7,1018,Fatima Goodwin,Cat
1371,Piper,Cat,12,1018,Fatima Goodwin,Cat
1372,Buffy,Hamster,10,1020,Areebah Calhoun,Hamster
1373,Cloudy,Cat,9,1022,Keaton Ferry,Cat
1374,Lellow,Parrot,9,1012,Zayan Yang,Parrot
1375,Little Bear,Hamster,7,1020,Areebah Calhoun,Hamster
1376,Misty,Cat,8,1018,Fatima Goodwin,Cat
1377,Puck,Dog,1,1004,Aoife Wynn,Dog
1378,Daisy,Cat,4,1024,Aron Parsons,Cat
1379,Eloise,Cat,14,1008,Calista Cummings,Cat
1380,Emily,Cat,5,1008,Calista Cummings,Cat
1381,Minnie,Hamster,6,1013,Kathryn Lindsey,Hamster
1382,Digger,Hamster,15,1013,Kathryn Lindsey,Hamster
1383,Pepper,Dog,8,1011,Libbi Driscoll,Dog
1384,Charlie,Parrot,8,1012,Zayan Yang,Parrot
1385,Zorg,Hamster,15,1007,Domonic Keller,Hamster
1386,George,Cat,6,1024,Aron Parsons,Cat
1387,Tanner,Parrot,10,1026,Lorna Jenkins,Parrot
1388,Cowboy,Parrot,15,1005,Heath Robson,Parrot
1389,Charlie,Cat,13,1024,Aron Parsons,Cat
1390,Simon,Parrot,15,1010,Calista Cummings,Parrot
1391,Minnie,Hamster,8,1013,Kathryn Lindsey,Hamster
1392,Misty,Hamster,13,1023,Hasnain Mendoza,Hamster
1393,Digger,Hamster,1,1007,Domonic Keller,Hamster
1394,Digger,Dog,14,1011,Libbi Driscoll,Dog
1395,Charlie,Dog,1,1016,Gianluca Walker,Dog
1396,Frankie,Dog,9,1011,Libbi Driscoll,Dog
1397,Eloise,Dog,5,1017,Romana Wagner,Dog
1398,Nepeta,Cat,3,1018,Fatima Goodwin,Cat
1399,Jet,Dog,10,1017,Romana Wagner,Dog
1400,Evelyn,Dog,4,1017,Romana Wagner,Dog
1401,North Star,Parrot,7,1006,Domonic Keller,Parrot
1402,Buffy,Dog,7,1004,Aoife Wynn,Dog
1403,Cowboy,Hamster,5,1023,Hasnain Mendoza,Hamster
1404,Zen,Dog,15,1017,Romana Wagner,Dog
1405,Frankie,Hamster,5,1023,Hasnain Mendoza,Hamster
1406,Violet,Cat,5,1024,Aron Parsons,Cat
1407,Lucky,Hamster,9,1020,Areebah Calhoun,Hamster
1408,Pumpkin,Cat,9,1021,Halle Sampson,Cat
1409,Frankie,Parrot,15,1003,Devon Lowry,Parrot
1410,Norman,Hamster,4,1015,Batman,Hamster
1411,Bailey,Cat,10,1021,Halle Sampson,Cat
1412,North Star,Parrot,13,1001,Roscoe Dunne,Parrot
1413,Zen,Dog,4,1017,Romana Wagner,Dog
1414,Emily,Parrot,7,1006,Domonic Keller,Parrot
1415,Piper,Cat,7,1022,Keaton Ferry,Cat
1416,Zorg,Dog,12,1004,Aoife Wynn,Dog
1417,Sunbeam,Cat,1,1021,Halle Sampson,Cat
1418,Pumpkin,Cat,14,1018,Fatima Goodwin,Cat
1419,Faith,Parrot,13,1006,Domonic Keller,Parrot
1420,Sherman,Hamster,10,1027,Madeeha Bellamy,Hamster
1421,Cathol,Cat,5,1008,Calista Cummings,Cat
1422,Misty,Hamster,6,1015,Batman,Hamster
1423,Emily,Cat,12,1021,Halle Sampson,Cat
1424,Zen,Dog,10,1004,Aoife Wynn,Dog
1425,Gamzee,Cat,11,1021,Halle Sampson,Cat
1426,North Star,Parrot,15,1001,Roscoe Dunne,Parrot
1427,Simon,Parrot,15,1006,Domonic Keller,Parrot
1428,Esco,Hamster,6,1009,Leighton Bloggs,Hamster
1429,Sunbeam,Hamster,12,1013,Kathryn Lindsey,Hamster
1430,Princess,Parrot,3,1019,Alvin Carpenter,Parrot
1431,Chico,Parrot,15,1005,Heath Robson,Parrot
1432,Norman,Parrot,12,1019,Alvin Carpenter,Parrot
1433,Sherman,Hamster,5,1009,Leighton Bloggs,Hamster
1434,Piper,Dog,3,1016,Gianluca Walker,Dog
1435,Kevin Boots Ewing,Cat,12,1021,Halle Sampson,Cat
1436,Digger,Cat,2,1022,Keaton Ferry,Cat
1437,Maggie,Parrot,3,1019,Alvin Carpenter,Parrot
1438,George,Hamster,13,1007,Domonic Keller,Hamster
1439,Nepeta,Hamster,9,1023,Hasnain Mendoza,Hamster
1440,Cathol,Cat,9,1018,Fatima Goodwin,Cat
1441,Lyra,Parrot,14,1014,Aron Parsons,Parrot
1442,Sunbeam,Cat,6,1022,Keaton Ferry,Cat
1443,Leeloo,Hamster,8,1013,Kathryn Lindsey,Hamster
1444,Gamzee,Parrot,11,1001,Roscoe Dunne,Parrot
1445,Lucky,Dog,6,1025,Nour Fox,Dog
1446,Maggie,Dog,15,1025,Nour Fox,Dog
1447,Hudson,Dog,9,1025,Nour Fox,Dog
1448,Maggie,Cat,5,1022,Keaton Ferry,Cat
1449,Zorg,Dog,1,1004,Aoife Wynn,Dog
1450,Zorg,Dog,4,1002,Fionn Cochran,Dog
1451,Little Bear,Cat,6,1008,Calista Cummings,Cat
1452,Minnie,Dog,11,1004,Aoife Wynn,Dog
1453,Cathol,Parrot,3,1003,Devon Lowry,Parrot
1454,Cowboy,Cat,5,1008,Calista Cummings,Cat
1455,Tanner,Hamster,4,1013,Kathryn Lindsey,Hamster
1456,Buffy,Hamster,14,1027,Madeeha Bellamy,Hamster
1457,North Star,Cat,13,1008,Calista Cummings,Cat
1458,Daisy,Cat,3,1018,Fatima Goodwin,Cat
1459,Lyra,Parrot,15,1005,Heath Robson,Parrot
1460,Little Bear,Hamster,5,1015,Batman,Hamster
1461,Gamzee,Dog,12,1025,Nour Fox,Dog
1462,Eloise,Hamster,2,1020,Areebah Calhoun,Hamster
1463,Chico,Dog,14,1016,Gianluca Walker,Dog
1464,Leeloo,Parrot,9,1010,Calista Cummings,Parrot
1465,Chico,Dog,13,1025,Nour Fox,Dog
1466,Lucky,Parrot,7,1012,Zayan Yang,Parrot
1467,Zorg,Hamster,3,1023,Hasnain Mendoza,Hamster
1468,Frankie Lee Jones,Cat,13,1024,Aron Parsons,Cat
1469,Chico,Hamster,6,1027,Madeeha Bellamy,Hamster
1470,Sunbeam,Hamster,13,1015,Batman,Hamster
1471,Frankie,Parrot,11,1012,Zayan Yang,Parrot
1472,Lyra,Cat,10,1018,Fatima Goodwin,Cat
1473,Faith,Hamster,4,1020,Areebah Calhoun,Hamster
1474,Sherman,Dog,4,1011,Libbi Driscoll,Dog
1475,Wilbur,Hamster,7,1013,Kathryn Lindsey,Hamster
1476,Leeloo,Parrot,8,1014,Aron Parsons,Parrot
1477,Tanner,Parrot,15,1012,Zayan Yang,Parrot
1478,Wilson,Dog,14,1004,Aoife Wynn,Dog
1479,Wilbur,Dog,6,1017,Romana Wagner,Dog
1480,Violet,Hamster,13,1027,Madeeha Bellamy,Hamster
1481,Little Bear,Cat,14,1022,Keaton Ferry,Cat
1482,Pepper,Hamster,13,1027,Madeeha Bellamy,Hamster
1483,Bailey,Parrot,6,1005,Heath Robson,Parrot
1484,Koshka,Dog,4,1025,Nour Fox,Dog
1485,Esco,Dog,15,1017,Romana Wagner,Dog
1486,Maggie,Hamster,2,1020,Areebah Calhoun,Hamster
1487,George,Parrot,1,1001,Roscoe Dunne,Parrot
1488,Buffy,Dog,8,1002,Fionn Cochran,Dog
1489,Charlie,Dog,3,1016,Gianluca Walker,Dog
1490,Daisy,Hamster,5,1015,Batman,Hamster
1491,Cowboy,Hamster,14,1015,Batman,Hamster
1492,Zen,Hamster,10,1013,Kathryn Lindsey,Hamster
1493,Buffy,Dog,15,1017,Romana Wagner,Dog
1494,Daisy,Parrot,9,1005,Heath Robson,Parrot
1495,Little Bear,Parrot,11,1006,Domonic Keller,Parrot
1496,Wilson,Hamster,6,1009,Leighton Bloggs,Hamster
1497,Emily,Parrot,5,1003,Devon Lowry,Parrot
1498,Daisy,Parrot,10,1001,Roscoe Dunne,Parrot
1499,Vinnie,Parrot,6,1001,Roscoe Dunne,Parrot
1500,Eloise,Hamster,2,1015,Batman,Hamster
1501,Nepeta,Cat,12,1008,Calista Cummings,Cat
1502,Emily,Hamster,1,1013,Kathryn Lindsey,Hamster
1503,Gamzee,Hamster,11,1023,Hasnain Mendoza,Hamster
1504,Wilson,Dog,11,1025,Nour Fox,Dog
1505,Jet,Parrot,11,1012,Zayan Yang,Parrot
1506,Misty,Dog,2,1011,Libbi Driscoll,Dog
1507,Kevin Boots Ewing,Cat,9,1021,Halle Sampson,Cat
1508,Princess,Dog,1,1016,Gianluca Walker,Dog
1509,Sunbeam,Cat,8,1018,Fatima Goodwin,Cat
1510,Emily,Hamster,14,1015,Batman,Hamster
1511,Piper,Hamster,14,1013,Kathryn Lindsey,Hamster
1512,Sunbeam,Hamster,3,1009,Leighton Bloggs,Hamster
1513,Leeloo,Hamster,11,1015,Batman,Hamster
1514,Cathol,Cat,13,1021,Halle Sampson,Cat
1515,Piper,Dog,9,1016,Gianluca Walker,Dog
1516,Kevin Boots Ewing,Parrot,15,1003,Devon Lowry,Parrot
1517,Puck,Parrot,11,1010,Calista Cummings,Parrot
1518,Misty,Parrot,15,1001,Roscoe Dunne,Parrot
1519,Evelyn,Cat,11,1018,Fatima Goodwin,Cat
1520,Gamzee,Hamster,15,1013,Kathryn Lindsey,Hamster
1521,Wilson,Parrot,1,1014,Aron Parsons,Parrot
1522,Frankie,Hamster,3,1009,Leighton Bloggs,Hamster
1523,Daisy,Parrot,1,1001,Roscoe Dunne,Parrot
1524,Lucky,Dog,2,1004,Aoife Wynn,Dog
1525,Sherman,Hamster,15,1013,Kathryn Lindsey,Hamster
1526,Chico,Parrot,15,1001,Roscoe Dunne,Parrot
1527,Charlie,Dog,1,1016,Gianluca Walker,Dog
1528,Misty,Hamster,4,1020,Areebah Calhoun,Hamster
1529,Simon,Dog,8,1004,Aoife Wynn,Dog
1530,Norman,Hamster,15,1027,Madeeha Bellamy,Hamster
1531,Frankie,Dog,9,1011,Libbi Driscoll,Dog
1532,Daisy,Dog,3,1016,Gianluca Walker,Dog
1533,Charlie,Parrot,7,1026,Lorna Jenkins,Parrot
1534,Digger,Cat,1,1022,Keaton Ferry,Cat
1535,Frankie,Hamster,14,1009,Leighton Bloggs,Hamster
1536,Kevin Boots Ewing,Dog,2,1016,Gianluca Walker,Dog
1537,Piper,Cat,14,1024,Aron Parsons,Cat
1538,Cloudy,Cat,13,1008,Calista Cummings,Cat
1539,Frankie Lee Jones,Dog,1,1025,Nour Fox,Dog
1540,Charlie,Hamster,7,1007,Domonic Keller,Hamster
1541,George,Parrot,4,1014,Aron Parsons,Parrot
1542,Tanner,Hamster,10,1020,Areebah Calhoun,Hamster
1543,Cowboy,Hamster,13,1015,Batman,Hamster
1544,Hudson,Cat,2,1018,Fatima Goodwin,Cat
1545,Buffy,Dog,5,1004,Aoife Wynn,Dog
1546,Nepeta,Dog,9,1017,Romana Wagner,Dog
1547,Digger,Hamster,15,1009,Leighton Bloggs,Hamster
1548,Emily,Cat,3,1008,Calista Cummings,Cat
1549,Cathol,Hamster,8,1015,Batman,Hamster
1550,Zorg,Hamster,7,1013,Kathryn Lindsey,Hamster
1551,Lucky,Dog,1,1011,Libbi Driscoll,Dog
1552,Kevin Boots Ewing,Hamster,15,1007,Domonic Keller,Hamster
1553,Koshka,Cat,3,1024,Aron Parsons,Cat
1554,Zorg,Parrot,6,1026,Lorna Jenkins,Parrot
1555,Puck,Parrot,9,1014,Aron Parsons,Parrot
1556,Jet,Dog,15,1002,Fionn Cochran,Dog
1557,Hudson,Parrot,8,1019,Alvin Carpenter,Parrot
1558,Wilson,Hamster,5,1023,Hasnain Mendoza,Hamster
1559,Slightly,Cat,8,1022,Keaton Ferry,Cat
1560,Eloise,Cat,10,1018,Fatima Goodwin,Cat
1561,Norman,Parrot,12,1001,Roscoe Dunne,Parrot
1562,Jet,Dog,6,1017,Romana Wagner,Dog
1563,Pumpkin,Cat,2,1022,Keaton Ferry,Cat
1564,Charlie,Dog,13,1011,Libbi Driscoll,Dog
1565,North Star,Parrot,9,1019,Alvin Carpenter,Parrot
1566,George,Dog,1,1004,Aoife Wynn,Dog
1567,Estrela,Parrot,4,1006,Domonic Keller,Parrot
1568,Digger,Dog,14,1017,Romana Wagner,Dog
1569,Cloudy,Cat,9,1021,Halle Sampson,Cat
1570,Piper,Dog,3,1016,Gianluca Walker,Dog
1571,Lellow,Parrot,9,1019,Alvin Carpenter,Parrot
1572,Puck,Cat,15,1024,Aron Parsons,Cat
1573,Puck,Hamster,3,1027,Madeeha Bellamy,Hamster
1574,George,Hamster,13,1009,Leighton Bloggs,Hamster
1575,Digger,Hamster,5,1013,Kathryn Lindsey,Hamster
1576,Nepeta,Dog,6,1016,Gianluca Walker,Dog
1577,Puck,Cat,1,1024,Aron Parsons,Cat
1578,Emily,Parrot,6,1019,Alvin Carpenter,Parrot
1579,Emily,Parrot,3,1003,Devon Lowry,Parrot
1580,Slightly,Parrot,10,1019,Alvin Carpenter,Parrot
1581,Wilson,Cat,3,1024,Aron Parsons,Cat
1582,Frankie,Cat,6,1024,Aron Parsons,Cat
1583,Vinnie,Hamster,1,1023,Hasnain Mendoza,Hamster
1584,Emily,Cat,11,1008,Calista Cummings,Cat
1585,Nepeta,Dog,9,1016,Gianluca Walker,Dog
1586,Leeloo,Cat,1,1018,Fatima Goodwin,Cat
1587,Cowboy,Dog,9,1002,Fionn Cochran,Dog
1588,Chico,Dog,2,1016,Gianluca Walker,Dog
1589,Koshka,Cat,10,1008,Calista Cummings,Cat
1590,Estrela,Hamster,9,1007,Domonic Keller,Hamster
1591,Cloudy,Cat,11,1022,Keaton Ferry,Cat
1592,Charlie,Cat,8,1018,Fatima Goodwin,Cat
1593,Cowboy,Dog,6,1004,Aoife Wynn,Dog
1594,Violet,Parrot,8,1019,Alvin Carpenter,Parrot
1595,Daisy,Cat,8,1008,Calista Cummings,Cat
1596,Pepper,Cat,4,1024,Aron Parsons,Cat
1597,Cloudy,Dog,2,1017,Romana Wagner,Dog
1598,Piper,Dog,13,1025,Nour Fox,Dog
1599,Tanner,Cat,11,1008,Calista Cummings,Cat
1600,Lellow,Cat,3,1008,Calista Cummings,Cat
1601,Chico,Parrot,13,1019,Alvin Carpenter,Parrot
1602,Lyra,Dog,8,1002,Fionn Cochran,Dog
1603,Evelyn,Cat,7,1018,Fatima Goodwin,Cat
1604,Zen,Cat,6,1022,Keaton Ferry,Cat
1605,Pumpkin,Hamster,7,1027,Madeeha Bellamy,Hamster
1606,Vinnie,Hamster,4,1007,Domonic Keller,Hamster
1607,Frankie Lee Jones,Cat,10,1018,Fatima Goodwin,Cat
1608,Lucky,Dog,5,1025,Nour Fox,Dog
1609,Lucky,Dog,4,1011,Libbi Driscoll,Dog
1610,Esco,Cat,11,1008,Calista Cummings,Cat
1611,Minnie,Parrot,15,1019,Alvin Carpenter,Parrot
1612,Tanner,Cat,4,1022,Keaton Ferry,Cat
1613,Jet,Cat,1,1024,Aron Parsons,Cat
1614,George,Hamster,11,1020,Areebah Calhoun,Hamster
1615,Cathol,Hamster,10,1009,Leighton Bloggs,Hamster
1616,Pumpkin,Cat,12,1018,Fatima Goodwin,Cat
1617,Sunbeam,Cat,12,1018,Fatima Goodwin,Cat
1618,Kevin Boots Ewing,Cat,12,1024,Aron Parsons,Cat
1619,Daisy,Parrot,1,1014,Aron Parsons,Parrot
1620,Estrela,Cat,3,1008,Calista Cummings,Cat
1621,Cathol,Hamster,2,1013,Kathryn Lindsey,Hamster
1622,Frankie Lee Jones,Parrot,2,1005,Heath Robson,Parrot
1623,Sherman,Dog,1,1002,Fionn Cochran,Dog
1624,Chico,Hamster,11,1015,Batman,Hamster
1625,Pepper,Dog,1,1002,Fionn Cochran,Dog
1626,Minnie,Dog,3,1017,Romana Wagner,Dog
1627,Bailey,Dog,15,1017,Romana Wagner,Dog
1628,Hudson,Hamster,8,1007,Domonic Keller,Hamster
1629,Bailey,Hamster,12,1027,Madeeha Bellamy,Hamster
1630,Wilbur,Parrot,9,1003,Devon Lowry,Parrot
1631,Chico,Cat,12,1021,Halle Sampson,Cat
1632,Charlie,Hamster,11,1015,Batman,Hamster
1633,Violet,Dog,5,1011,Libbi Driscoll,Dog
1634,Wilbur,Hamster,9,1015,Batman,Hamster
1635,Sherman,Parrot,7,1014,Aron Parsons,Parrot
1636,Bailey,Cat,5,1008,Calista Cummings,Cat
1637,Norman,Parrot,10,1005,Heath Robson,Parrot
1638,Sherman,Hamster,5,1020,Areebah Calhoun,Hamster
1639,Frankie,Parrot,14,1006,Domonic Keller,Parrot
1640,Piper,Cat,12,1024,Aron Parsons,Cat
1641,George,Hamster,15,1020,Areebah Calhoun,Hamster
1642,Simon,Hamster,2,1027,Madeeha Bellamy,Hamster
1643,Lyra,Parrot,10,1026,Lorna Jenkins,Parrot
1644,Zen,Parrot,1,1019,Alvin Carpenter,Parrot
1645,Estrela,Dog,12,1011,Libbi Driscoll,Dog
1646,Zen,Parrot,5,1003,Devon Lowry,Parrot
1647,Koshka,Dog,9,1004,Aoife Wynn,Dog
1648,Violet,Cat,5,1018,Fatima Goodwin,Cat
1649,George,Dog,14,1016,Gianluca Walker,Dog
1650,Estrela,Hamster,11,1007,Domonic Keller,Hamster
1651,Faith,Parrot,9,1014,Aron Parsons,Parrot
1652,Cowboy,Cat,15,1021,Halle Sampson,Cat
1653,George,Parrot,6,1003,Devon Lowry,Parrot
1654,Simon,Dog,7,1017,Romana Wagner,Dog
1655,Lellow,Parrot,4,1001,Roscoe Dunne,Parrot
1656,Esco,Parrot,8,1010,Calista Cummings,Parrot
1657,Lucky,Dog,13,1004,Aoife Wynn,Dog
1658,George,Hamster,13,1013,Kathryn Lindsey,Hamster
1659,Leeloo,Parrot,14,1012,Zayan Yang,Parrot
1660,Simon,Cat,15,1018,Fatima Goodwin,Cat
1661,Violet,Cat,1,1021,Halle Sampson,Cat
1662,Digger,Hamster,5,1023,Hasnain Mendoza,Hamster
1663,Cloudy,Hamster,5,1027,Madeeha Bellamy,Hamster
1664,Emily,Parrot,5,1005,Heath Robson,Parrot
1665,Wilbur,Dog,7,1017,Romana Wagner,Dog
1666,Little Bear,Dog,11,1004,Aoife Wynn,Dog
1667,Vinnie,Dog,8,1011,Libbi Driscoll,Dog
1668,Digger,Parrot,8,1010,Calista Cummings,Parrot
1669,Jet,Hamster,5,1015,Batman,Hamster
1670,Sunbeam,Dog,4,1016,Gianluca Walker,Dog
1671,Minnie,Cat,3,1008,Calista Cummings,Cat
1672,Cowboy,Cat,11,1008,Calista Cummings,Cat
1673,Sherman,Hamster,13,1015,Batman,Hamster
1674,Esco,Cat,10,1021,Halle Sampson,Cat
1675,Pepper,Hamster,9,1020,Areebah Calhoun,Hamster
1676,Tanner,Dog,8,1016,Gianluca Walker,Dog
1677,Norman,Parrot,13,1012,Zayan Yang,Parrot
1678,Bailey,Hamster,2,1007,Domonic Keller,Hamster
1679,Gamzee,Hamster,10,1007,Domonic Keller,Hamster
1680,Tanner,Dog,4,1004,Aoife Wynn,Dog
1681,Cowboy,Dog,6,1017,Romana Wagner,Dog
1682,Emily,Parrot,14,1019,Alvin Carpenter,Parrot
1683,Frankie Lee Jones,Cat,8,1008,Calista Cummings,Cat
1684,Vinnie,Parrot,12,1014,Aron Parsons,Parrot
1685,Leeloo,Parrot,4,1019,Alvin Carpenter,Parrot
1686,Daisy,Dog,15,1011,Libbi Driscoll,Dog
1687,Zorg,Parrot,10,1001,Roscoe Dunne,Parrot
1688,Cowboy,Dog,8,1004,Aoife Wynn,Dog
1689,Pumpkin,Dog,1,1011,Libbi Driscoll,Dog
1690,Digger,Cat,11,1022,Keaton Ferry,Cat
1691,Nepeta,Dog,3,1025,Nour Fox,Dog
1692,Eloise,Dog,3,1002,Fionn Cochran,Dog
1693,Cloudy,Dog,11,1002,Fionn Cochran,Dog
1694,Sunbeam,Hamster,9,1013,Kathryn Lindsey,Hamster
1695,Eloise,Hamster,9,1015,Batman,Hamster
1696,Cloudy,Parrot,7,1006,Domonic Keller,Parrot
1697,Princess,Parrot,1,1001,Roscoe Dunne,Parrot
1698,Buffy,Dog,12,1016,Gianluca Walker,Dog
1699,Minnie,Dog,5,1017,Romana Wagner,Dog
1700,Digger,Cat,6,1024,Aron Parsons,Cat
1701,Minnie,Parrot,11,1006,Domonic Keller,Parrot
1702,Chico,Cat,3,1021,Halle Sampson,Cat
1703,George,Parrot,3,1001,Roscoe Dunne,Parrot
1704,Jet,Parrot,7,1001,Roscoe Dunne,Parrot
1705,Lucky,Dog,15,1016,Gianluca Walker,Dog
1706,Faith,Cat,14,1022,Keaton Ferry,Cat
1707,Princess,Dog,9,1004,Aoife Wynn,Dog
1708,Koshka,Cat,15,1021,Halle Sampson,Cat
1709,Misty,Dog,11,1016,Gianluca Walker,Dog
1710,Cloudy,Hamster,8,1015,Batman,Hamster
1711,Kevin Boots Ewing,Hamster,7,1009,Leighton Bloggs,Hamster
1712,Piper,Cat,1,1008,Calista Cummings,Cat
1713,George,Parrot,2,1010,Calista Cummings,Parrot
1714,Norman,Parrot,4,1019,Alvin Carpenter,Parrot
1715,Simon,Hamster,6,1020,Areebah Calhoun,Hamster
1716,Wilson,Parrot,12,1014,Aron Parsons,Parrot
1717,Simon,Parrot,13,1003,Devon Lowry,Parrot
1718,Slightly,Dog,4,1011,Libbi Driscoll,Dog
1719,Frankie,Dog,14,1011,Libbi Driscoll,Dog
1720,Eloise,Dog,12,1016,Gianluca Walker,Dog
1721,Esco,Dog,7,1011,Libbi Driscoll,Dog
1722,Simon,Hamster,12,1009,Leighton Bloggs,Hamster
1723,Charlie,Hamster,11,1023,Hasnain Mendoza,Hamster
1724,Minnie,Dog,6,1017,Romana Wagner,Dog
1725,Eloise,Dog,10,1002,Fionn Cochran,Dog
1726,Eloise,Hamster,10,1009,Leighton Bloggs,Hamster
1727,Leeloo,Hamster,2,1023,Hasnain Mendoza,Hamster
1728,Wilbur,Cat,11,1018,Fatima Goodwin,Cat
1729,Sunbeam,Cat,6,1022,Keaton Ferry,Cat
1730,Simon,Parrot,8,1019,Alvin Carpenter,Parrot
1731,Sherman,Parrot,15,1014,Aron Parsons,Parrot
1732,Pepper,Dog,14,1011,Libbi Driscoll,Dog
1733,Cowboy,Dog,8,1002,Fionn Cochran,Dog
1734,Gamzee,Hamster,4,1013,Kathryn Lindsey,Hamster
1735,Gamzee,Dog,9,1004,Aoife Wynn,Dog
1736,Wilbur,Parrot,8,1012,Zayan Yang,Parrot
1737,Wilbur,Cat,14,1024,Aron Parsons,Cat
1738,Lyra,Dog,7,1017,Romana Wagner,Dog
1739,Minnie,Cat,12,1018,Fatima Goodwin,Cat
1740,Emily,Cat,13,1022,Keaton Ferry,Cat
1741,Vinnie,Dog,6,1017,Romana Wagner,Dog
1742,Maggie,Dog,14,1004,Aoife Wynn,Dog
1743,Estrela,Parrot,8,1012,Zayan Yang,Parrot
1744,Tanner,Dog,14,1004,Aoife Wynn,Dog
1745,Cowboy,Parrot,14,1026,Lorna Jenkins,Parrot
1746,Maggie,Dog,8,1002,Fionn Cochran,Dog
1747,Jet,Hamster,1,1023,Hasnain Mendoza,Hamster
1748,Pepper,Cat,8,1021,Halle Sampson,Cat
1749,Misty,Dog,4,1002,Fionn Cochran,Dog
1750,Leeloo,Dog,15,1002,Fionn Cochran,Dog
1751,Buffy,Hamster,13,1013,Kathryn Lindsey,Hamster
1752,Norman,Dog,14,1011,Libbi Driscoll,Dog
1753,Digger,Dog,11,1002,Fionn Cochran,Dog
1754,Lyra,Dog,14,1017,Romana Wagner,Dog
1755,Sherman,Dog,6,1002,Fionn Cochran,Dog
1756,Cloudy,Cat,7,1021,Halle Sampson,Cat
1757,North Star,Cat,5,1022,Keaton Ferry,Cat
1758,Simon,Cat,1,1018,Fatima Goodwin,Cat
1759,Norman,Cat,9,1021,Halle Sampson,Cat
1760,Gamzee,Dog,13,1011,Libbi Driscoll,Dog
1761,Violet,Parrot,14,1019,Alvin Carpenter,Parrot
1762,Lellow,Hamster,12,1027,Madeeha Bellamy,Hamster
1763,Leeloo,Dog,6,1016,Gianluca Walker,Dog
1764,Little Bear,Cat,14,1021,Halle Sampson,Cat
